domain_name,source_directory,control_file,catchment_shp_file,river_network_shp_file,river_basin_shp_file,catchment_shp_gruid,catchment_shp_hruid,catchment_shp_area,catchment_shp_lat,catchment_shp_lon,river_network_shp_segid,river_network_shp_downsegid,river_network_shp_slope,river_network_shp_length_source,river_network_shp_length,river_basin_shp_rm_hruid,river_basin_shp_area,river_basin_shp_hru_to_seg,river_basin_needs_remap
CAN_01AD003,/work/comphyd_lab/users/arman.haddadchi/CENTURY_Basins/CAN_01AD003/shapefiles,control_CAN_01AD003.txt,catchment/CAN_01AD003_distributed_basin.shp,river_network/CAN_01AD003_distributed_river.shp,river_basins/CAN_01AD003_distributed_basin.shp,GRU_ID,HRU_ID,HRU_area,center_lat,center_lon,COMID,NextDownID,slope,new_len_km,length_m,COMID,area,hru_to_seg,no
CAN_01AM001,/work/comphyd_lab/users/arman.haddadchi/CENTURY_Basins/CAN_01AM001/shapefiles,control_CAN_01AM001.txt,catchment/CAN_01AM001_distributed_basin.shp,river_network/CAN_01AM001_distributed_river.shp,river_basins/CAN_01AM001_distributed_basin.shp,GRU_ID,HRU_ID,HRU_area,center_lat,center_lon,COMID,NextDownID,slope,new_len_km,length_m,COMID,area,hru_to_seg,no
CAN_01BJ010,/work/comphyd_lab/users/arman.haddadchi/CENTURY_Basins/CAN_01BJ010/shapefiles,control_CAN_01BJ010.txt,catchment/CAN_01BJ010_distributed_basin.shp,river_network/CAN_01BJ010_distributed_river.shp,river_basins/CAN_01BJ010_distributed_basin.shp,GRU_ID,HRU_ID,HRU_area,center_lat,center_lon,COMID,NextDownID,slope,new_len_km,length_m,COMID,area,hru_to_seg,no
CAN_01DG003,/work/comphyd_lab/users/arman.haddadchi/CENTURY_Basins/CAN_01DG003/shapefiles,control_CAN_01DG003.txt,catchment/CAN_01DG003_distributed_basin.shp,river_network/CAN_01DG003_distributed_river.shp,river_basins/CAN_01DG003_distributed_basin.shp,GRU_ID,HRU_ID,HRU_area,center_lat,center_lon,COMID,NextDownID,slope,new_len_km,length_m,COMID,area,hru_to_seg,no
CAN_01FB001,/work/comphyd_lab/users/arman.haddadchi/CENTURY_Basins/CAN_01FB001/shapefiles,control_CAN_01FB001.txt,catchment/CAN_01FB001_distributed_basin.shp,river_network/CAN_01FB001_distributed_river.shp,river_basins/CAN_01FB001_distributed_basin.shp,GRU_ID,HRU_ID,HRU_area,center_lat,center_lon,COMID,NextDownID,slope,new_len_km,length_m,COMID,area,hru_to_seg,no
CAN_02BA003,/work/comphyd_lab/users/arman.haddadchi/CENTURY_Basins/CAN_02BA003/shapefiles,control_CAN_02BA003.txt,catchment/CAN_02BA003_distributed_basin.shp,river_network/CAN_02BA003_distributed_river.shp,river_basins/CAN_02BA003_distributed_basin.shp,GRU_ID,HRU_ID,HRU_area,center_lat,center_lon,COMID,NextDownID,slope,new_len_km,length_m,COMID,area,hru_to_seg,no
CAN_02DD015,/work/comphyd_lab/users/arman.haddadchi/CENTURY_Basins/CAN_02DD015/shapefiles,control_CAN_02DD015.txt,catchment/CAN_02DD015_distributed_basin.shp,river_network/CAN_02DD015_distributed_river.shp,river_basins/CAN_02DD015_distributed_basin.shp,GRU_ID,HRU_ID,HRU_area,center_lat,center_lon,COMID,NextDownID,slope,new_len_km,length_m,COMID,area,hru_to_seg,no
CAN_02FB010,/work/comphyd_lab/users/arman.haddadchi/CENTURY_Basins/CAN_02FB010/shapefiles,control_CAN_02FB010.txt,catchment/CAN_02FB010_distributed_basin.shp,river_network/CAN_02FB010_distributed_river.shp,river_basins/CAN_02FB010_distributed_basin.shp,GRU_ID,HRU_ID,HRU_area,center_lat,center_lon,COMID,NextDownID,slope,new_len_km,length_m,COMID,area,hru_to_seg,no
CAN_02GC010,/work/comphyd_lab/users/arman.haddadchi/CENTURY_Basins/CAN_02GC010/shapefiles,control_CAN_02GC010.txt,catchment/CAN_02GC010_distributed_basin.shp,river_network/CAN_02GC010_distributed_river.shp,river_basins/CAN_02GC010_distributed_basin.shp,GRU_ID,HRU_ID,HRU_area,center_lat,center_lon,COMID,NextDownID,slope,new_len_km,length_m,COMID,area,hru_to_seg,no
CAN_02HB012,/work/comphyd_lab/users/arman.haddadchi/CENTURY_Basins/CAN_02HB012/shapefiles,control_CAN_02HB012.txt,catchment/CAN_02HB012_distributed_basin.shp,river_network/CAN_02HB012_distributed_river.shp,river_basins/CAN_02HB012_distributed_basin.shp,GRU_ID,HRU_ID,HRU_area,center_lat,center_lon,COMID,NextDownID,slope,new_len_km,length_m,COMID,area,hru_to_seg,no
CAN_02HM004,/work/comphyd_lab/users/arman.haddadchi/CENTURY_Basins/CAN_02HM004/shapefiles,control_CAN_02HM004.txt,catchment/CAN_02HM004_distributed_basin.shp,river_network/CAN_02HM004_distributed_river.shp,river_basins/CAN_02HM004_distributed_basin.shp,GRU_ID,HRU_ID,HRU_area,center_lat,center_lon,COMID,NextDownID,slope,new_len_km,length_m,COMID,area,hru_to_seg,no
CAN_02YC001,/work/comphyd_lab/users/arman.haddadchi/CENTURY_Basins/CAN_02YC001/shapefiles,control_CAN_02YC001.txt,catchment/CAN_02YC001_distributed_basin.shp,river_network/CAN_02YC001_distributed_river.shp,river_basins/CAN_02YC001_distributed_basin.shp,GRU_ID,HRU_ID,HRU_area,center_lat,center_lon,COMID,NextDownID,slope,new_len_km,length_m,COMID,area,hru_to_seg,no
CAN_02YQ001,/work/comphyd_lab/users/arman.haddadchi/CENTURY_Basins/CAN_02YQ001/shapefiles,control_CAN_02YQ001.txt,catchment/CAN_02YQ001_distributed_basin.shp,river_network/CAN_02YQ001_distributed_river.shp,river_basins/CAN_02YQ001_distributed_basin.shp,GRU_ID,HRU_ID,HRU_area,center_lat,center_lon,COMID,NextDownID,slope,new_len_km,length_m,COMID,area,hru_to_seg,no
CAN_02ZH001,/work/comphyd_lab/users/arman.haddadchi/CENTURY_Basins/CAN_02ZH001/shapefiles,control_CAN_02ZH001.txt,catchment/CAN_02ZH001_distributed_basin.shp,river_network/CAN_02ZH001_distributed_river.shp,river_basins/CAN_02ZH001_distributed_basin.shp,GRU_ID,HRU_ID,HRU_area,center_lat,center_lon,COMID,NextDownID,slope,new_len_km,length_m,COMID,area,hru_to_seg,no
CAN_03QC002,/work/comphyd_lab/users/arman.haddadchi/CENTURY_Basins/CAN_03QC002/shapefiles,control_CAN_03QC002.txt,catchment/CAN_03QC002_distributed_basin.shp,river_network/CAN_03QC002_distributed_river.shp,river_basins/CAN_03QC002_distributed_basin.shp,GRU_ID,HRU_ID,HRU_area,center_lat,center_lon,COMID,NextDownID,slope,new_len_km,length_m,COMID,area,hru_to_seg,no
CAN_04CA003,/work/comphyd_lab/users/arman.haddadchi/CENTURY_Basins/CAN_04CA003/shapefiles,control_CAN_04CA003.txt,catchment/CAN_04CA003_distributed_basin.shp,river_network/CAN_04CA003_distributed_river.shp,river_basins/CAN_04CA003_distributed_basin.shp,GRU_ID,HRU_ID,HRU_area,center_lat,center_lon,COMID,NextDownID,slope,new_len_km,length_m,COMID,area,hru_to_seg,no
CAN_04LJ001,/work/comphyd_lab/users/arman.haddadchi/CENTURY_Basins/CAN_04LJ001/shapefiles,control_CAN_04LJ001.txt,catchment/CAN_04LJ001_distributed_basin.shp,river_network/CAN_04LJ001_distributed_river.shp,river_basins/CAN_04LJ001_distributed_basin.shp,GRU_ID,HRU_ID,HRU_area,center_lat,center_lon,COMID,NextDownID,slope,new_len_km,length_m,COMID,area,hru_to_seg,no
CAN_05BB001,/work/comphyd_lab/users/arman.haddadchi/CENTURY_Basins/CAN_05BB001/shapefiles,control_CAN_05BB001.txt,catchment/CAN_05BB001_distributed_basin.shp,river_network/CAN_05BB001_distributed_river.shp,river_basins/CAN_05BB001_distributed_basin.shp,GRU_ID,HRU_ID,HRU_area,center_lat,center_lon,COMID,NextDownID,slope,new_len_km,length_m,COMID,area,hru_to_seg,no
CAN_05CA009,/work/comphyd_lab/users/arman.haddadchi/CENTURY_Basins/CAN_05CA009/shapefiles,control_CAN_05CA009.txt,catchment/CAN_05CA009_distributed_basin.shp,river_network/CAN_05CA009_distributed_river.shp,river_basins/CAN_05CA009_distributed_basin.shp,GRU_ID,HRU_ID,HRU_area,center_lat,center_lon,COMID,NextDownID,slope,new_len_km,length_m,COMID,area,hru_to_seg,no
CAN_05EA005,/work/comphyd_lab/users/arman.haddadchi/CENTURY_Basins/CAN_05EA005/shapefiles,control_CAN_05EA005.txt,catchment/CAN_05EA005_distributed_basin.shp,river_network/CAN_05EA005_distributed_river.shp,river_basins/CAN_05EA005_distributed_basin.shp,GRU_ID,HRU_ID,HRU_area,center_lat,center_lon,COMID,NextDownID,slope,new_len_km,length_m,COMID,area,hru_to_seg,no
CAN_05LL014,/work/comphyd_lab/users/arman.haddadchi/CENTURY_Basins/CAN_05LL014/shapefiles,control_CAN_05LL014.txt,catchment/CAN_05LL014_distributed_basin.shp,river_network/CAN_05LL014_distributed_river.shp,river_basins/CAN_05LL014_distributed_basin.shp,GRU_ID,HRU_ID,HRU_area,center_lat,center_lon,COMID,NextDownID,slope,new_len_km,length_m,COMID,area,hru_to_seg,no
CAN_05PB018,/work/comphyd_lab/users/arman.haddadchi/CENTURY_Basins/CAN_05PB018/shapefiles,control_CAN_05PB018.txt,catchment/CAN_05PB018_distributed_basin.shp,river_network/CAN_05PB018_distributed_river.shp,river_basins/CAN_05PB018_distributed_basin.shp,GRU_ID,HRU_ID,HRU_area,center_lat,center_lon,COMID,NextDownID,slope,new_len_km,length_m,COMID,area,hru_to_seg,no
CAN_05TG002,/work/comphyd_lab/users/arman.haddadchi/CENTURY_Basins/CAN_05TG002/shapefiles,control_CAN_05TG002.txt,catchment/CAN_05TG002_distributed_basin.shp,river_network/CAN_05TG002_distributed_river.shp,river_basins/CAN_05TG002_distributed_basin.shp,GRU_ID,HRU_ID,HRU_area,center_lat,center_lon,COMID,NextDownID,slope,new_len_km,length_m,COMID,area,hru_to_seg,no
CAN_05UG001,/work/comphyd_lab/users/arman.haddadchi/CENTURY_Basins/CAN_05UG001/shapefiles,control_CAN_05UG001.txt,catchment/CAN_05UG001_distributed_basin.shp,river_network/CAN_05UG001_distributed_river.shp,river_basins/CAN_05UG001_distributed_basin.shp,GRU_ID,HRU_ID,HRU_area,center_lat,center_lon,COMID,NextDownID,slope,new_len_km,length_m,COMID,area,hru_to_seg,no
CAN_06FB002,/work/comphyd_lab/users/arman.haddadchi/CENTURY_Basins/CAN_06FB002/shapefiles,control_CAN_06FB002.txt,catchment/CAN_06FB002_distributed_basin.shp,river_network/CAN_06FB002_distributed_river.shp,river_basins/CAN_06FB002_distributed_basin.shp,GRU_ID,HRU_ID,HRU_area,center_lat,center_lon,COMID,NextDownID,slope,new_len_km,length_m,COMID,area,hru_to_seg,no
CAN_07BJ001,/work/comphyd_lab/users/arman.haddadchi/CENTURY_Basins/CAN_07BJ001/shapefiles,control_CAN_07BJ001.txt,catchment/CAN_07BJ001_distributed_basin.shp,river_network/CAN_07BJ001_distributed_river.shp,river_basins/CAN_07BJ001_distributed_basin.shp,GRU_ID,HRU_ID,HRU_area,center_lat,center_lon,COMID,NextDownID,slope,new_len_km,length_m,COMID,area,hru_to_seg,no
CAN_07EE010,/work/comphyd_lab/users/arman.haddadchi/CENTURY_Basins/CAN_07EE010/shapefiles,control_CAN_07EE010.txt,catchment/CAN_07EE010_distributed_basin.shp,river_network/CAN_07EE010_distributed_river.shp,river_basins/CAN_07EE010_distributed_basin.shp,GRU_ID,HRU_ID,HRU_area,center_lat,center_lon,COMID,NextDownID,slope,new_len_km,length_m,COMID,area,hru_to_seg,no
CAN_07GG001,/work/comphyd_lab/users/arman.haddadchi/CENTURY_Basins/CAN_07GG001/shapefiles,control_CAN_07GG001.txt,catchment/CAN_07GG001_distributed_basin.shp,river_network/CAN_07GG001_distributed_river.shp,river_basins/CAN_07GG001_distributed_basin.shp,GRU_ID,HRU_ID,HRU_area,center_lat,center_lon,COMID,NextDownID,slope,new_len_km,length_m,COMID,area,hru_to_seg,no
CAN_08AA009,/work/comphyd_lab/users/arman.haddadchi/CENTURY_Basins/CAN_08AA009/shapefiles,control_CAN_08AA009.txt,catchment/CAN_08AA009_distributed_basin.shp,river_network/CAN_08AA009_distributed_river.shp,river_basins/CAN_08AA009_distributed_basin.shp,GRU_ID,HRU_ID,HRU_area,center_lat,center_lon,COMID,NextDownID,slope,new_len_km,length_m,COMID,area,hru_to_seg,no
CAN_08EE020,/work/comphyd_lab/users/arman.haddadchi/CENTURY_Basins/CAN_08EE020/shapefiles,control_CAN_08EE020.txt,catchment/CAN_08EE020_distributed_basin.shp,river_network/CAN_08EE020_distributed_river.shp,river_basins/CAN_08EE020_distributed_basin.shp,GRU_ID,HRU_ID,HRU_area,center_lat,center_lon,COMID,NextDownID,slope,new_len_km,length_m,COMID,area,hru_to_seg,no
CAN_08FF003,/work/comphyd_lab/users/arman.haddadchi/CENTURY_Basins/CAN_08FF003/shapefiles,control_CAN_08FF003.txt,catchment/CAN_08FF003_distributed_basin.shp,river_network/CAN_08FF003_distributed_river.shp,river_basins/CAN_08FF003_distributed_basin.shp,GRU_ID,HRU_ID,HRU_area,center_lat,center_lon,COMID,NextDownID,slope,new_len_km,length_m,COMID,area,hru_to_seg,no
CAN_08HB048,/work/comphyd_lab/users/arman.haddadchi/CENTURY_Basins/CAN_08HB048/shapefiles,control_CAN_08HB048.txt,catchment/CAN_08HB048_distributed_basin.shp,river_network/CAN_08HB048_distributed_river.shp,river_basins/CAN_08HB048_distributed_basin.shp,GRU_ID,HRU_ID,HRU_area,center_lat,center_lon,COMID,NextDownID,slope,new_len_km,length_m,COMID,area,hru_to_seg,no
CAN_08KA007,/work/comphyd_lab/users/arman.haddadchi/CENTURY_Basins/CAN_08KA007/shapefiles,control_CAN_08KA007.txt,catchment/CAN_08KA007_distributed_basin.shp,river_network/CAN_08KA007_distributed_river.shp,river_basins/CAN_08KA007_distributed_basin.shp,GRU_ID,HRU_ID,HRU_area,center_lat,center_lon,COMID,NextDownID,slope,new_len_km,length_m,COMID,area,hru_to_seg,no
CAN_08LB024,/work/comphyd_lab/users/arman.haddadchi/CENTURY_Basins/CAN_08LB024/shapefiles,control_CAN_08LB024.txt,catchment/CAN_08LB024_distributed_basin.shp,river_network/CAN_08LB024_distributed_river.shp,river_basins/CAN_08LB024_distributed_basin.shp,GRU_ID,HRU_ID,HRU_area,center_lat,center_lon,COMID,NextDownID,slope,new_len_km,length_m,COMID,area,hru_to_seg,no
CAN_08LG056,/work/comphyd_lab/users/arman.haddadchi/CENTURY_Basins/CAN_08LG056/shapefiles,control_CAN_08LG056.txt,catchment/CAN_08LG056_distributed_basin.shp,river_network/CAN_08LG056_distributed_river.shp,river_basins/CAN_08LG056_distributed_basin.shp,GRU_ID,HRU_ID,HRU_area,center_lat,center_lon,COMID,NextDownID,slope,new_len_km,length_m,COMID,area,hru_to_seg,no
CAN_08MG013,/work/comphyd_lab/users/arman.haddadchi/CENTURY_Basins/CAN_08MG013/shapefiles,control_CAN_08MG013.txt,catchment/CAN_08MG013_distributed_basin.shp,river_network/CAN_08MG013_distributed_river.shp,river_basins/CAN_08MG013_distributed_basin.shp,GRU_ID,HRU_ID,HRU_area,center_lat,center_lon,COMID,NextDownID,slope,new_len_km,length_m,COMID,area,hru_to_seg,no
CAN_08NB012,/work/comphyd_lab/users/arman.haddadchi/CENTURY_Basins/CAN_08NB012/shapefiles,control_CAN_08NB012.txt,catchment/CAN_08NB012_distributed_basin.shp,river_network/CAN_08NB012_distributed_river.shp,river_basins/CAN_08NB012_distributed_basin.shp,GRU_ID,HRU_ID,HRU_area,center_lat,center_lon,COMID,NextDownID,slope,new_len_km,length_m,COMID,area,hru_to_seg,no
CAN_08NE087,/work/comphyd_lab/users/arman.haddadchi/CENTURY_Basins/CAN_08NE087/shapefiles,control_CAN_08NE087.txt,catchment/CAN_08NE087_distributed_basin.shp,river_network/CAN_08NE087_distributed_river.shp,river_basins/CAN_08NE087_distributed_basin.shp,GRU_ID,HRU_ID,HRU_area,center_lat,center_lon,COMID,NextDownID,slope,new_len_km,length_m,COMID,area,hru_to_seg,no
CAN_08NH115,/work/comphyd_lab/users/arman.haddadchi/CENTURY_Basins/CAN_08NH115/shapefiles,control_CAN_08NH115.txt,catchment/CAN_08NH115_distributed_basin.shp,river_network/CAN_08NH115_distributed_river.shp,river_basins/CAN_08NH115_distributed_basin.shp,GRU_ID,HRU_ID,HRU_area,center_lat,center_lon,COMID,NextDownID,slope,new_len_km,length_m,COMID,area,hru_to_seg,no
CAN_08NL050,/work/comphyd_lab/users/arman.haddadchi/CENTURY_Basins/CAN_08NL050/shapefiles,control_CAN_08NL050.txt,catchment/CAN_08NL050_distributed_basin.shp,river_network/CAN_08NL050_distributed_river.shp,river_basins/CAN_08NL050_distributed_basin.shp,GRU_ID,HRU_ID,HRU_area,center_lat,center_lon,COMID,NextDownID,slope,new_len_km,length_m,COMID,area,hru_to_seg,no
CAN_08NN023,/work/comphyd_lab/users/arman.haddadchi/CENTURY_Basins/CAN_08NN023/shapefiles,control_CAN_08NN023.txt,catchment/CAN_08NN023_distributed_basin.shp,river_network/CAN_08NN023_distributed_river.shp,river_basins/CAN_08NN023_distributed_basin.shp,GRU_ID,HRU_ID,HRU_area,center_lat,center_lon,COMID,NextDownID,slope,new_len_km,length_m,COMID,area,hru_to_seg,no
CAN_09CB001,/work/comphyd_lab/users/arman.haddadchi/CENTURY_Basins/CAN_09CB001/shapefiles,control_CAN_09CB001.txt,catchment/CAN_09CB001_distributed_basin.shp,river_network/CAN_09CB001_distributed_river.shp,river_basins/CAN_09CB001_distributed_basin.shp,GRU_ID,HRU_ID,HRU_area,center_lat,center_lon,COMID,NextDownID,slope,new_len_km,length_m,COMID,area,hru_to_seg,no
CAN_10CD004,/work/comphyd_lab/users/arman.haddadchi/CENTURY_Basins/CAN_10CD004/shapefiles,control_CAN_10CD004.txt,catchment/CAN_10CD004_distributed_basin.shp,river_network/CAN_10CD004_distributed_river.shp,river_basins/CAN_10CD004_distributed_basin.shp,GRU_ID,HRU_ID,HRU_area,center_lat,center_lon,COMID,NextDownID,slope,new_len_km,length_m,COMID,area,hru_to_seg,no
CAN_10QA001,/work/comphyd_lab/users/arman.haddadchi/CENTURY_Basins/CAN_10QA001/shapefiles,control_CAN_10QA001.txt,catchment/CAN_10QA001_distributed_basin.shp,river_network/CAN_10QA001_distributed_river.shp,river_basins/CAN_10QA001_distributed_basin.shp,GRU_ID,HRU_ID,HRU_area,center_lat,center_lon,COMID,NextDownID,slope,new_len_km,length_m,COMID,area,hru_to_seg,no
USA_01057000,/work/comphyd_lab/users/arman.haddadchi/CENTURY_Basins/USA_01057000/shapefiles,control_USA_01057000.txt,catchment/USA_01057000_distributed_basin.shp,river_network/USA_01057000_distributed_river.shp,river_basins/USA_01057000_distributed_basin.shp,GRU_ID,HRU_ID,HRU_area,center_lat,center_lon,COMID,NextDownID,slope,new_len_km,length_m,COMID,area,hru_to_seg,no
USA_01142500,/work/comphyd_lab/users/arman.haddadchi/CENTURY_Basins/USA_01142500/shapefiles,control_USA_01142500.txt,catchment/USA_01142500_distributed_basin.shp,river_network/USA_01142500_distributed_river.shp,river_basins/USA_01142500_distributed_basin.shp,GRU_ID,HRU_ID,HRU_area,center_lat,center_lon,COMID,NextDownID,slope,new_len_km,length_m,COMID,area,hru_to_seg,no
USA_01365000,/work/comphyd_lab/users/arman.haddadchi/CENTURY_Basins/USA_01365000/shapefiles,control_USA_01365000.txt,catchment/USA_01365000_distributed_basin.shp,river_network/USA_01365000_distributed_river.shp,river_basins/USA_01365000_distributed_basin.shp,GRU_ID,HRU_ID,HRU_area,center_lat,center_lon,COMID,NextDownID,slope,new_len_km,length_m,COMID,area,hru_to_seg,no
USA_01451800,/work/comphyd_lab/users/arman.haddadchi/CENTURY_Basins/USA_01451800/shapefiles,control_USA_01451800.txt,catchment/USA_01451800_distributed_basin.shp,river_network/USA_01451800_distributed_river.shp,river_basins/USA_01451800_distributed_basin.shp,GRU_ID,HRU_ID,HRU_area,center_lat,center_lon,COMID,NextDownID,slope,new_len_km,length_m,COMID,area,hru_to_seg,no
USA_01532000,/work/comphyd_lab/users/arman.haddadchi/CENTURY_Basins/USA_01532000/shapefiles,control_USA_01532000.txt,catchment/USA_01532000_distributed_basin.shp,river_network/USA_01532000_distributed_river.shp,river_basins/USA_01532000_distributed_basin.shp,GRU_ID,HRU_ID,HRU_area,center_lat,center_lon,COMID,NextDownID,slope,new_len_km,length_m,COMID,area,hru_to_seg,no
USA_01550000,/work/comphyd_lab/users/arman.haddadchi/CENTURY_Basins/USA_01550000/shapefiles,control_USA_01550000.txt,catchment/USA_01550000_distributed_basin.shp,river_network/USA_01550000_distributed_river.shp,river_basins/USA_01550000_distributed_basin.shp,GRU_ID,HRU_ID,HRU_area,center_lat,center_lon,COMID,NextDownID,slope,new_len_km,length_m,COMID,area,hru_to_seg,no
USA_01605500,/work/comphyd_lab/users/arman.haddadchi/CENTURY_Basins/USA_01605500/shapefiles,control_USA_01605500.txt,catchment/USA_01605500_distributed_basin.shp,river_network/USA_01605500_distributed_river.shp,river_basins/USA_01605500_distributed_basin.shp,GRU_ID,HRU_ID,HRU_area,center_lat,center_lon,COMID,NextDownID,slope,new_len_km,length_m,COMID,area,hru_to_seg,no
USA_01644000,/work/comphyd_lab/users/arman.haddadchi/CENTURY_Basins/USA_01644000/shapefiles,control_USA_01644000.txt,catchment/USA_01644000_distributed_basin.shp,river_network/USA_01644000_distributed_river.shp,river_basins/USA_01644000_distributed_basin.shp,GRU_ID,HRU_ID,HRU_area,center_lat,center_lon,COMID,NextDownID,slope,new_len_km,length_m,COMID,area,hru_to_seg,no
USA_02013000,/work/comphyd_lab/users/arman.haddadchi/CENTURY_Basins/USA_02013000/shapefiles,control_USA_02013000.txt,catchment/USA_02013000_distributed_basin.shp,river_network/USA_02013000_distributed_river.shp,river_basins/USA_02013000_distributed_basin.shp,GRU_ID,HRU_ID,HRU_area,center_lat,center_lon,COMID,NextDownID,slope,new_len_km,length_m,COMID,area,hru_to_seg,no
USA_02014000,/work/comphyd_lab/users/arman.haddadchi/CENTURY_Basins/USA_02014000/shapefiles,control_USA_02014000.txt,catchment/USA_02014000_distributed_basin.shp,river_network/USA_02014000_distributed_river.shp,river_basins/USA_02014000_distributed_basin.shp,GRU_ID,HRU_ID,HRU_area,center_lat,center_lon,COMID,NextDownID,slope,new_len_km,length_m,COMID,area,hru_to_seg,no
USA_02051000,/work/comphyd_lab/users/arman.haddadchi/CENTURY_Basins/USA_02051000/shapefiles,control_USA_02051000.txt,catchment/USA_02051000_distributed_basin.shp,river_network/USA_02051000_distributed_river.shp,river_basins/USA_02051000_distributed_basin.shp,GRU_ID,HRU_ID,HRU_area,center_lat,center_lon,COMID,NextDownID,slope,new_len_km,length_m,COMID,area,hru_to_seg,no
USA_02069700,/work/comphyd_lab/users/arman.haddadchi/CENTURY_Basins/USA_02069700/shapefiles,control_USA_02069700.txt,catchment/USA_02069700_distributed_basin.shp,river_network/USA_02069700_distributed_river.shp,river_basins/USA_02069700_distributed_basin.shp,GRU_ID,HRU_ID,HRU_area,center_lat,center_lon,COMID,NextDownID,slope,new_len_km,length_m,COMID,area,hru_to_seg,no
USA_02111500,/work/comphyd_lab/users/arman.haddadchi/CENTURY_Basins/USA_02111500/shapefiles,control_USA_02111500.txt,catchment/USA_02111500_distributed_basin.shp,river_network/USA_02111500_distributed_river.shp,river_basins/USA_02111500_distributed_basin.shp,GRU_ID,HRU_ID,HRU_area,center_lat,center_lon,COMID,NextDownID,slope,new_len_km,length_m,COMID,area,hru_to_seg,no
USA_02152100,/work/comphyd_lab/users/arman.haddadchi/CENTURY_Basins/USA_02152100/shapefiles,control_USA_02152100.txt,catchment/USA_02152100_distributed_basin.shp,river_network/USA_02152100_distributed_river.shp,river_basins/USA_02152100_distributed_basin.shp,GRU_ID,HRU_ID,HRU_area,center_lat,center_lon,COMID,NextDownID,slope,new_len_km,length_m,COMID,area,hru_to_seg,no
USA_02246000,/work/comphyd_lab/users/arman.haddadchi/CENTURY_Basins/USA_02246000/shapefiles,control_USA_02246000.txt,catchment/USA_02246000_distributed_basin.shp,river_network/USA_02246000_distributed_river.shp,river_basins/USA_02246000_distributed_basin.shp,GRU_ID,HRU_ID,HRU_area,center_lat,center_lon,COMID,NextDownID,slope,new_len_km,length_m,COMID,area,hru_to_seg,no
USA_02314500,/work/comphyd_lab/users/arman.haddadchi/CENTURY_Basins/USA_02314500/shapefiles,control_USA_02314500.txt,catchment/USA_02314500_distributed_basin.shp,river_network/USA_02314500_distributed_river.shp,river_basins/USA_02314500_distributed_basin.shp,GRU_ID,HRU_ID,HRU_area,center_lat,center_lon,COMID,NextDownID,slope,new_len_km,length_m,COMID,area,hru_to_seg,no
USA_02369800,/work/comphyd_lab/users/arman.haddadchi/CENTURY_Basins/USA_02369800/shapefiles,control_USA_02369800.txt,catchment/USA_02369800_distributed_basin.shp,river_network/USA_02369800_distributed_river.shp,river_basins/USA_02369800_distributed_basin.shp,GRU_ID,HRU_ID,HRU_area,center_lat,center_lon,COMID,NextDownID,slope,new_len_km,length_m,COMID,area,hru_to_seg,no
USA_02381600,/work/comphyd_lab/users/arman.haddadchi/CENTURY_Basins/USA_02381600/shapefiles,control_USA_02381600.txt,catchment/USA_02381600_distributed_basin.shp,river_network/USA_02381600_distributed_river.shp,river_basins/USA_02381600_distributed_basin.shp,GRU_ID,HRU_ID,HRU_area,center_lat,center_lon,COMID,NextDownID,slope,new_len_km,length_m,COMID,area,hru_to_seg,no
USA_02469800,/work/comphyd_lab/users/arman.haddadchi/CENTURY_Basins/USA_02469800/shapefiles,control_USA_02469800.txt,catchment/USA_02469800_distributed_basin.shp,river_network/USA_02469800_distributed_river.shp,river_basins/USA_02469800_distributed_basin.shp,GRU_ID,HRU_ID,HRU_area,center_lat,center_lon,COMID,NextDownID,slope,new_len_km,length_m,COMID,area,hru_to_seg,no
USA_03015500,/work/comphyd_lab/users/arman.haddadchi/CENTURY_Basins/USA_03015500/shapefiles,control_USA_03015500.txt,catchment/USA_03015500_distributed_basin.shp,river_network/USA_03015500_distributed_river.shp,river_basins/USA_03015500_distributed_basin.shp,GRU_ID,HRU_ID,HRU_area,center_lat,center_lon,COMID,NextDownID,slope,new_len_km,length_m,COMID,area,hru_to_seg,no
USA_03078000,/work/comphyd_lab/users/arman.haddadchi/CENTURY_Basins/USA_03078000/shapefiles,control_USA_03078000.txt,catchment/USA_03078000_distributed_basin.shp,river_network/USA_03078000_distributed_river.shp,river_basins/USA_03078000_distributed_basin.shp,GRU_ID,HRU_ID,HRU_area,center_lat,center_lon,COMID,NextDownID,slope,new_len_km,length_m,COMID,area,hru_to_seg,no
USA_03182500,/work/comphyd_lab/users/arman.haddadchi/CENTURY_Basins/USA_03182500/shapefiles,control_USA_03182500.txt,catchment/USA_03182500_distributed_basin.shp,river_network/USA_03182500_distributed_river.shp,river_basins/USA_03182500_distributed_basin.shp,GRU_ID,HRU_ID,HRU_area,center_lat,center_lon,COMID,NextDownID,slope,new_len_km,length_m,COMID,area,hru_to_seg,no
USA_03213700,/work/comphyd_lab/users/arman.haddadchi/CENTURY_Basins/USA_03213700/shapefiles,control_USA_03213700.txt,catchment/USA_03213700_distributed_basin.shp,river_network/USA_03213700_distributed_river.shp,river_basins/USA_03213700_distributed_basin.shp,GRU_ID,HRU_ID,HRU_area,center_lat,center_lon,COMID,NextDownID,slope,new_len_km,length_m,COMID,area,hru_to_seg,no
USA_03285000,/work/comphyd_lab/users/arman.haddadchi/CENTURY_Basins/USA_03285000/shapefiles,control_USA_03285000.txt,catchment/USA_03285000_distributed_basin.shp,river_network/USA_03285000_distributed_river.shp,river_basins/USA_03285000_distributed_basin.shp,GRU_ID,HRU_ID,HRU_area,center_lat,center_lon,COMID,NextDownID,slope,new_len_km,length_m,COMID,area,hru_to_seg,no
USA_03439000,/work/comphyd_lab/users/arman.haddadchi/CENTURY_Basins/USA_03439000/shapefiles,control_USA_03439000.txt,catchment/USA_03439000_distributed_basin.shp,river_network/USA_03439000_distributed_river.shp,river_basins/USA_03439000_distributed_basin.shp,GRU_ID,HRU_ID,HRU_area,center_lat,center_lon,COMID,NextDownID,slope,new_len_km,length_m,COMID,area,hru_to_seg,no
USA_03500000,/work/comphyd_lab/users/arman.haddadchi/CENTURY_Basins/USA_03500000/shapefiles,control_USA_03500000.txt,catchment/USA_03500000_distributed_basin.shp,river_network/USA_03500000_distributed_river.shp,river_basins/USA_03500000_distributed_basin.shp,GRU_ID,HRU_ID,HRU_area,center_lat,center_lon,COMID,NextDownID,slope,new_len_km,length_m,COMID,area,hru_to_seg,no
USA_04040500,/work/comphyd_lab/users/arman.haddadchi/CENTURY_Basins/USA_04040500/shapefiles,control_USA_04040500.txt,catchment/USA_04040500_distributed_basin.shp,river_network/USA_04040500_distributed_river.shp,river_basins/USA_04040500_distributed_basin.shp,GRU_ID,HRU_ID,HRU_area,center_lat,center_lon,COMID,NextDownID,slope,new_len_km,length_m,COMID,area,hru_to_seg,no
USA_04122200,/work/comphyd_lab/users/arman.haddadchi/CENTURY_Basins/USA_04122200/shapefiles,control_USA_04122200.txt,catchment/USA_04122200_distributed_basin.shp,river_network/USA_04122200_distributed_river.shp,river_basins/USA_04122200_distributed_basin.shp,GRU_ID,HRU_ID,HRU_area,center_lat,center_lon,COMID,NextDownID,slope,new_len_km,length_m,COMID,area,hru_to_seg,no
USA_04216418,/work/comphyd_lab/users/arman.haddadchi/CENTURY_Basins/USA_04216418/shapefiles,control_USA_04216418.txt,catchment/USA_04216418_distributed_basin.shp,river_network/USA_04216418_distributed_river.shp,river_basins/USA_04216418_distributed_basin.shp,GRU_ID,HRU_ID,HRU_area,center_lat,center_lon,COMID,NextDownID,slope,new_len_km,length_m,COMID,area,hru_to_seg,no
USA_05087500,/work/comphyd_lab/users/arman.haddadchi/CENTURY_Basins/USA_05087500/shapefiles,control_USA_05087500.txt,catchment/USA_05087500_distributed_basin.shp,river_network/USA_05087500_distributed_river.shp,river_basins/USA_05087500_distributed_basin.shp,GRU_ID,HRU_ID,HRU_area,center_lat,center_lon,COMID,NextDownID,slope,new_len_km,length_m,COMID,area,hru_to_seg,no
USA_05412500,/work/comphyd_lab/users/arman.haddadchi/CENTURY_Basins/USA_05412500/shapefiles,control_USA_05412500.txt,catchment/USA_05412500_distributed_basin.shp,river_network/USA_05412500_distributed_river.shp,river_basins/USA_05412500_distributed_basin.shp,GRU_ID,HRU_ID,HRU_area,center_lat,center_lon,COMID,NextDownID,slope,new_len_km,length_m,COMID,area,hru_to_seg,no
USA_05495500,/work/comphyd_lab/users/arman.haddadchi/CENTURY_Basins/USA_05495500/shapefiles,control_USA_05495500.txt,catchment/USA_05495500_distributed_basin.shp,river_network/USA_05495500_distributed_river.shp,river_basins/USA_05495500_distributed_basin.shp,GRU_ID,HRU_ID,HRU_area,center_lat,center_lon,COMID,NextDownID,slope,new_len_km,length_m,COMID,area,hru_to_seg,no
USA_05585000,/work/comphyd_lab/users/arman.haddadchi/CENTURY_Basins/USA_05585000/shapefiles,control_USA_05585000.txt,catchment/USA_05585000_distributed_basin.shp,river_network/USA_05585000_distributed_river.shp,river_basins/USA_05585000_distributed_basin.shp,GRU_ID,HRU_ID,HRU_area,center_lat,center_lon,COMID,NextDownID,slope,new_len_km,length_m,COMID,area,hru_to_seg,no
USA_06289000,/work/comphyd_lab/users/arman.haddadchi/CENTURY_Basins/USA_06289000/shapefiles,control_USA_06289000.txt,catchment/USA_06289000_distributed_basin.shp,river_network/USA_06289000_distributed_river.shp,river_basins/USA_06289000_distributed_basin.shp,GRU_ID,HRU_ID,HRU_area,center_lat,center_lon,COMID,NextDownID,slope,new_len_km,length_m,COMID,area,hru_to_seg,no
USA_06406000,/work/comphyd_lab/users/arman.haddadchi/CENTURY_Basins/USA_06406000/shapefiles,control_USA_06406000.txt,catchment/USA_06406000_distributed_basin.shp,river_network/USA_06406000_distributed_river.shp,river_basins/USA_06406000_distributed_basin.shp,GRU_ID,HRU_ID,HRU_area,center_lat,center_lon,COMID,NextDownID,slope,new_len_km,length_m,COMID,area,hru_to_seg,no
USA_06470800,/work/comphyd_lab/users/arman.haddadchi/CENTURY_Basins/USA_06470800/shapefiles,control_USA_06470800.txt,catchment/USA_06470800_distributed_basin.shp,river_network/USA_06470800_distributed_river.shp,river_basins/USA_06470800_distributed_basin.shp,GRU_ID,HRU_ID,HRU_area,center_lat,center_lon,COMID,NextDownID,slope,new_len_km,length_m,COMID,area,hru_to_seg,no
USA_06632400,/work/comphyd_lab/users/arman.haddadchi/CENTURY_Basins/USA_06632400/shapefiles,control_USA_06632400.txt,catchment/USA_06632400_distributed_basin.shp,river_network/USA_06632400_distributed_river.shp,river_basins/USA_06632400_distributed_basin.shp,GRU_ID,HRU_ID,HRU_area,center_lat,center_lon,COMID,NextDownID,slope,new_len_km,length_m,COMID,area,hru_to_seg,no
USA_06803510,/work/comphyd_lab/users/arman.haddadchi/CENTURY_Basins/USA_06803510/shapefiles,control_USA_06803510.txt,catchment/USA_06803510_distributed_basin.shp,river_network/USA_06803510_distributed_river.shp,river_basins/USA_06803510_distributed_basin.shp,GRU_ID,HRU_ID,HRU_area,center_lat,center_lon,COMID,NextDownID,slope,new_len_km,length_m,COMID,area,hru_to_seg,no
USA_06889200,/work/comphyd_lab/users/arman.haddadchi/CENTURY_Basins/USA_06889200/shapefiles,control_USA_06889200.txt,catchment/USA_06889200_distributed_basin.shp,river_network/USA_06889200_distributed_river.shp,river_basins/USA_06889200_distributed_basin.shp,GRU_ID,HRU_ID,HRU_area,center_lat,center_lon,COMID,NextDownID,slope,new_len_km,length_m,COMID,area,hru_to_seg,no
USA_06921200,/work/comphyd_lab/users/arman.haddadchi/CENTURY_Basins/USA_06921200/shapefiles,control_USA_06921200.txt,catchment/USA_06921200_distributed_basin.shp,river_network/USA_06921200_distributed_river.shp,river_basins/USA_06921200_distributed_basin.shp,GRU_ID,HRU_ID,HRU_area,center_lat,center_lon,COMID,NextDownID,slope,new_len_km,length_m,COMID,area,hru_to_seg,no
USA_07068000,/work/comphyd_lab/users/arman.haddadchi/CENTURY_Basins/USA_07068000/shapefiles,control_USA_07068000.txt,catchment/USA_07068000_distributed_basin.shp,river_network/USA_07068000_distributed_river.shp,river_basins/USA_07068000_distributed_basin.shp,GRU_ID,HRU_ID,HRU_area,center_lat,center_lon,COMID,NextDownID,slope,new_len_km,length_m,COMID,area,hru_to_seg,no
USA_07083000,/work/comphyd_lab/users/arman.haddadchi/CENTURY_Basins/USA_07083000/shapefiles,control_USA_07083000.txt,catchment/USA_07083000_distributed_basin.shp,river_network/USA_07083000_distributed_river.shp,river_basins/USA_07083000_distributed_basin.shp,GRU_ID,HRU_ID,HRU_area,center_lat,center_lon,COMID,NextDownID,slope,new_len_km,length_m,COMID,area,hru_to_seg,no
USA_07196900,/work/comphyd_lab/users/arman.haddadchi/CENTURY_Basins/USA_07196900/shapefiles,control_USA_07196900.txt,catchment/USA_07196900_distributed_basin.shp,river_network/USA_07196900_distributed_river.shp,river_basins/USA_07196900_distributed_basin.shp,GRU_ID,HRU_ID,HRU_area,center_lat,center_lon,COMID,NextDownID,slope,new_len_km,length_m,COMID,area,hru_to_seg,no
USA_07301500,/work/comphyd_lab/users/arman.haddadchi/CENTURY_Basins/USA_07301500/shapefiles,control_USA_07301500.txt,catchment/USA_07301500_distributed_basin.shp,river_network/USA_07301500_distributed_river.shp,river_basins/USA_07301500_distributed_basin.shp,GRU_ID,HRU_ID,HRU_area,center_lat,center_lon,COMID,NextDownID,slope,new_len_km,length_m,COMID,area,hru_to_seg,no
USA_07376000,/work/comphyd_lab/users/arman.haddadchi/CENTURY_Basins/USA_07376000/shapefiles,control_USA_07376000.txt,catchment/USA_07376000_distributed_basin.shp,river_network/USA_07376000_distributed_river.shp,river_basins/USA_07376000_distributed_basin.shp,GRU_ID,HRU_ID,HRU_area,center_lat,center_lon,COMID,NextDownID,slope,new_len_km,length_m,COMID,area,hru_to_seg,no
USA_08086212,/work/comphyd_lab/users/arman.haddadchi/CENTURY_Basins/USA_08086212/shapefiles,control_USA_08086212.txt,catchment/USA_08086212_distributed_basin.shp,river_network/USA_08086212_distributed_river.shp,river_basins/USA_08086212_distributed_basin.shp,GRU_ID,HRU_ID,HRU_area,center_lat,center_lon,COMID,NextDownID,slope,new_len_km,length_m,COMID,area,hru_to_seg,no
USA_08164300,/work/comphyd_lab/users/arman.haddadchi/CENTURY_Basins/USA_08164300/shapefiles,control_USA_08164300.txt,catchment/USA_08164300_distributed_basin.shp,river_network/USA_08164300_distributed_river.shp,river_basins/USA_08164300_distributed_basin.shp,GRU_ID,HRU_ID,HRU_area,center_lat,center_lon,COMID,NextDownID,slope,new_len_km,length_m,COMID,area,hru_to_seg,no
USA_08189500,/work/comphyd_lab/users/arman.haddadchi/CENTURY_Basins/USA_08189500/shapefiles,control_USA_08189500.txt,catchment/USA_08189500_distributed_basin.shp,river_network/USA_08189500_distributed_river.shp,river_basins/USA_08189500_distributed_basin.shp,GRU_ID,HRU_ID,HRU_area,center_lat,center_lon,COMID,NextDownID,slope,new_len_km,length_m,COMID,area,hru_to_seg,no
USA_08194200,/work/comphyd_lab/users/arman.haddadchi/CENTURY_Basins/USA_08194200/shapefiles,control_USA_08194200.txt,catchment/USA_08194200_distributed_basin.shp,river_network/USA_08194200_distributed_river.shp,river_basins/USA_08194200_distributed_basin.shp,GRU_ID,HRU_ID,HRU_area,center_lat,center_lon,COMID,NextDownID,slope,new_len_km,length_m,COMID,area,hru_to_seg,no
USA_08378500,/work/comphyd_lab/users/arman.haddadchi/CENTURY_Basins/USA_08378500/shapefiles,control_USA_08378500.txt,catchment/USA_08378500_distributed_basin.shp,river_network/USA_08378500_distributed_river.shp,river_basins/USA_08378500_distributed_basin.shp,GRU_ID,HRU_ID,HRU_area,center_lat,center_lon,COMID,NextDownID,slope,new_len_km,length_m,COMID,area,hru_to_seg,no
USA_09081600,/work/comphyd_lab/users/arman.haddadchi/CENTURY_Basins/USA_09081600/shapefiles,control_USA_09081600.txt,catchment/USA_09081600_distributed_basin.shp,river_network/USA_09081600_distributed_river.shp,river_basins/USA_09081600_distributed_basin.shp,GRU_ID,HRU_ID,HRU_area,center_lat,center_lon,COMID,NextDownID,slope,new_len_km,length_m,COMID,area,hru_to_seg,no
USA_09430500,/work/comphyd_lab/users/arman.haddadchi/CENTURY_Basins/USA_09430500/shapefiles,control_USA_09430500.txt,catchment/USA_09430500_distributed_basin.shp,river_network/USA_09430500_distributed_river.shp,river_basins/USA_09430500_distributed_basin.shp,GRU_ID,HRU_ID,HRU_area,center_lat,center_lon,COMID,NextDownID,slope,new_len_km,length_m,COMID,area,hru_to_seg,no
USA_09480000,/work/comphyd_lab/users/arman.haddadchi/CENTURY_Basins/USA_09480000/shapefiles,control_USA_09480000.txt,catchment/USA_09480000_distributed_basin.shp,river_network/USA_09480000_distributed_river.shp,river_basins/USA_09480000_distributed_basin.shp,GRU_ID,HRU_ID,HRU_area,center_lat,center_lon,COMID,NextDownID,slope,new_len_km,length_m,COMID,area,hru_to_seg,no
USA_09508300,/work/comphyd_lab/users/arman.haddadchi/CENTURY_Basins/USA_09508300/shapefiles,control_USA_09508300.txt,catchment/USA_09508300_distributed_basin.shp,river_network/USA_09508300_distributed_river.shp,river_basins/USA_09508300_distributed_basin.shp,GRU_ID,HRU_ID,HRU_area,center_lat,center_lon,COMID,NextDownID,slope,new_len_km,length_m,COMID,area,hru_to_seg,no
USA_10244950,/work/comphyd_lab/users/arman.haddadchi/CENTURY_Basins/USA_10244950/shapefiles,control_USA_10244950.txt,catchment/USA_10244950_distributed_basin.shp,river_network/USA_10244950_distributed_river.shp,river_basins/USA_10244950_distributed_basin.shp,GRU_ID,HRU_ID,HRU_area,center_lat,center_lon,COMID,NextDownID,slope,new_len_km,length_m,COMID,area,hru_to_seg,no
USA_10336645,/work/comphyd_lab/users/arman.haddadchi/CENTURY_Basins/USA_10336645/shapefiles,control_USA_10336645.txt,catchment/USA_10336645_distributed_basin.shp,river_network/USA_10336645_distributed_river.shp,river_basins/USA_10336645_distributed_basin.shp,GRU_ID,HRU_ID,HRU_area,center_lat,center_lon,COMID,NextDownID,slope,new_len_km,length_m,COMID,area,hru_to_seg,no
USA_11162500,/work/comphyd_lab/users/arman.haddadchi/CENTURY_Basins/USA_11162500/shapefiles,control_USA_11162500.txt,catchment/USA_11162500_distributed_basin.shp,river_network/USA_11162500_distributed_river.shp,river_basins/USA_11162500_distributed_basin.shp,GRU_ID,HRU_ID,HRU_area,center_lat,center_lon,COMID,NextDownID,slope,new_len_km,length_m,COMID,area,hru_to_seg,no
USA_11284400,/work/comphyd_lab/users/arman.haddadchi/CENTURY_Basins/USA_11284400/shapefiles,control_USA_11284400.txt,catchment/USA_11284400_distributed_basin.shp,river_network/USA_11284400_distributed_river.shp,river_basins/USA_11284400_distributed_basin.shp,GRU_ID,HRU_ID,HRU_area,center_lat,center_lon,COMID,NextDownID,slope,new_len_km,length_m,COMID,area,hru_to_seg,no
USA_11481200,/work/comphyd_lab/users/arman.haddadchi/CENTURY_Basins/USA_11481200/shapefiles,control_USA_11481200.txt,catchment/USA_11481200_distributed_basin.shp,river_network/USA_11481200_distributed_river.shp,river_basins/USA_11481200_distributed_basin.shp,GRU_ID,HRU_ID,HRU_area,center_lat,center_lon,COMID,NextDownID,slope,new_len_km,length_m,COMID,area,hru_to_seg,no
USA_11522500,/work/comphyd_lab/users/arman.haddadchi/CENTURY_Basins/USA_11522500/shapefiles,control_USA_11522500.txt,catchment/USA_11522500_distributed_basin.shp,river_network/USA_11522500_distributed_river.shp,river_basins/USA_11522500_distributed_basin.shp,GRU_ID,HRU_ID,HRU_area,center_lat,center_lon,COMID,NextDownID,slope,new_len_km,length_m,COMID,area,hru_to_seg,no
USA_12025000,/work/comphyd_lab/users/arman.haddadchi/CENTURY_Basins/USA_12025000/shapefiles,control_USA_12025000.txt,catchment/USA_12025000_distributed_basin.shp,river_network/USA_12025000_distributed_river.shp,river_basins/USA_12025000_distributed_basin.shp,GRU_ID,HRU_ID,HRU_area,center_lat,center_lon,COMID,NextDownID,slope,new_len_km,length_m,COMID,area,hru_to_seg,no
USA_12092000,/work/comphyd_lab/users/arman.haddadchi/CENTURY_Basins/USA_12092000/shapefiles,control_USA_12092000.txt,catchment/USA_12092000_distributed_basin.shp,river_network/USA_12092000_distributed_river.shp,river_basins/USA_12092000_distributed_basin.shp,GRU_ID,HRU_ID,HRU_area,center_lat,center_lon,COMID,NextDownID,slope,new_len_km,length_m,COMID,area,hru_to_seg,no
USA_12167000,/work/comphyd_lab/users/arman.haddadchi/CENTURY_Basins/USA_12167000/shapefiles,control_USA_12167000.txt,catchment/USA_12167000_distributed_basin.shp,river_network/USA_12167000_distributed_river.shp,river_basins/USA_12167000_distributed_basin.shp,GRU_ID,HRU_ID,HRU_area,center_lat,center_lon,COMID,NextDownID,slope,new_len_km,length_m,COMID,area,hru_to_seg,no
USA_12447390,/work/comphyd_lab/users/arman.haddadchi/CENTURY_Basins/USA_12447390/shapefiles,control_USA_12447390.txt,catchment/USA_12447390_distributed_basin.shp,river_network/USA_12447390_distributed_river.shp,river_basins/USA_12447390_distributed_basin.shp,GRU_ID,HRU_ID,HRU_area,center_lat,center_lon,COMID,NextDownID,slope,new_len_km,length_m,COMID,area,hru_to_seg,no
USA_13240000,/work/comphyd_lab/users/arman.haddadchi/CENTURY_Basins/USA_13240000/shapefiles,control_USA_13240000.txt,catchment/USA_13240000_distributed_basin.shp,river_network/USA_13240000_distributed_river.shp,river_basins/USA_13240000_distributed_basin.shp,GRU_ID,HRU_ID,HRU_area,center_lat,center_lon,COMID,NextDownID,slope,new_len_km,length_m,COMID,area,hru_to_seg,no
USA_14138900,/work/comphyd_lab/users/arman.haddadchi/CENTURY_Basins/USA_14138900/shapefiles,control_USA_14138900.txt,catchment/USA_14138900_distributed_basin.shp,river_network/USA_14138900_distributed_river.shp,river_basins/USA_14138900_distributed_basin.shp,GRU_ID,HRU_ID,HRU_area,center_lat,center_lon,COMID,NextDownID,slope,new_len_km,length_m,COMID,area,hru_to_seg,no
USA_14185900,/work/comphyd_lab/users/arman.haddadchi/CENTURY_Basins/USA_14185900/shapefiles,control_USA_14185900.txt,catchment/USA_14185900_distributed_basin.shp,river_network/USA_14185900_distributed_river.shp,river_basins/USA_14185900_distributed_basin.shp,GRU_ID,HRU_ID,HRU_area,center_lat,center_lon,COMID,NextDownID,slope,new_len_km,length_m,COMID,area,hru_to_seg,no
USA_14400000,/work/comphyd_lab/users/arman.haddadchi/CENTURY_Basins/USA_14400000/shapefiles,control_USA_14400000.txt,catchment/USA_14400000_distributed_basin.shp,river_network/USA_14400000_distributed_river.shp,river_basins/USA_14400000_distributed_basin.shp,GRU_ID,HRU_ID,HRU_area,center_lat,center_lon,COMID,NextDownID,slope,new_len_km,length_m,COMID,area,hru_to_seg,no
