domain_name,source_directory,control_file,catchment_shp_file,river_network_shp_file,river_basin_shp_file
MERIT_711,/work/comphyd_lab/users/arman.haddadchi/MERIT_Basins_Pfaf3/outputs/pfaf_71,control_pfaf_711.txt,cat_pfaf_3_711_MERIT_Hydro_v07_Basins_v01_bugfix1.shp,riv_pfaf_3_711_MERIT_Hydro_v07_Basins_v01_bugfix1.shp,cat_pfaf_3_711_MERIT_Hydro_v07_Basins_v01_bugfix1.shp
MERIT_712,/work/comphyd_lab/users/arman.haddadchi/MERIT_Basins_Pfaf3/outputs/pfaf_71,control_pfaf_712.txt,cat_pfaf_3_712_MERIT_Hydro_v07_Basins_v01_bugfix1.shp,riv_pfaf_3_712_MERIT_Hydro_v07_Basins_v01_bugfix1.shp,cat_pfaf_3_712_MERIT_Hydro_v07_Basins_v01_bugfix1.shp
MERIT_713,/work/comphyd_lab/users/arman.haddadchi/MERIT_Basins_Pfaf3/outputs/pfaf_71,control_pfaf_713.txt,cat_pfaf_3_713_MERIT_Hydro_v07_Basins_v01_bugfix1.shp,riv_pfaf_3_713_MERIT_Hydro_v07_Basins_v01_bugfix1.shp,cat_pfaf_3_713_MERIT_Hydro_v07_Basins_v01_bugfix1.shp
MERIT_714,/work/comphyd_lab/users/arman.haddadchi/MERIT_Basins_Pfaf3/outputs/pfaf_71,control_pfaf_714.txt,cat_pfaf_3_714_MERIT_Hydro_v07_Basins_v01_bugfix1.shp,riv_pfaf_3_714_MERIT_Hydro_v07_Basins_v01_bugfix1.shp,cat_pfaf_3_714_MERIT_Hydro_v07_Basins_v01_bugfix1.shp
MERIT_715,/work/comphyd_lab/users/arman.haddadchi/MERIT_Basins_Pfaf3/outputs/pfaf_71,control_pfaf_715.txt,cat_pfaf_3_715_MERIT_Hydro_v07_Basins_v01_bugfix1.shp,riv_pfaf_3_715_MERIT_Hydro_v07_Basins_v01_bugfix1.shp,cat_pfaf_3_715_MERIT_Hydro_v07_Basins_v01_bugfix1.shp
MERIT_716,/work/comphyd_lab/users/arman.haddadchi/MERIT_Basins_Pfaf3/outputs/pfaf_71,control_pfaf_716.txt,cat_pfaf_3_716_MERIT_Hydro_v07_Basins_v01_bugfix1.shp,riv_pfaf_3_716_MERIT_Hydro_v07_Basins_v01_bugfix1.shp,cat_pfaf_3_716_MERIT_Hydro_v07_Basins_v01_bugfix1.shp
MERIT_717,/work/comphyd_lab/users/arman.haddadchi/MERIT_Basins_Pfaf3/outputs/pfaf_71,control_pfaf_717.txt,cat_pfaf_3_717_MERIT_Hydro_v07_Basins_v01_bugfix1.shp,riv_pfaf_3_717_MERIT_Hydro_v07_Basins_v01_bugfix1.shp,cat_pfaf_3_717_MERIT_Hydro_v07_Basins_v01_bugfix1.shp
MERIT_718,/work/comphyd_lab/users/arman.haddadchi/MERIT_Basins_Pfaf3/outputs/pfaf_71,control_pfaf_718.txt,cat_pfaf_3_718_MERIT_Hydro_v07_Basins_v01_bugfix1.shp,riv_pfaf_3_718_MERIT_Hydro_v07_Basins_v01_bugfix1.shp,cat_pfaf_3_718_MERIT_Hydro_v07_Basins_v01_bugfix1.shp
MERIT_719,/work/comphyd_lab/users/arman.haddadchi/MERIT_Basins_Pfaf3/outputs/pfaf_71,control_pfaf_719.txt,cat_pfaf_3_719_MERIT_Hydro_v07_Basins_v01_bugfix1.shp,riv_pfaf_3_719_MERIT_Hydro_v07_Basins_v01_bugfix1.shp,cat_pfaf_3_719_MERIT_Hydro_v07_Basins_v01_bugfix1.shp
MERIT_721,/work/comphyd_lab/users/arman.haddadchi/MERIT_Basins_Pfaf3/outputs/pfaf_72,control_pfaf_721.txt,cat_pfaf_3_721_MERIT_Hydro_v07_Basins_v01_bugfix1.shp,riv_pfaf_3_721_MERIT_Hydro_v07_Basins_v01_bugfix1.shp,cat_pfaf_3_721_MERIT_Hydro_v07_Basins_v01_bugfix1.shp
MERIT_722,/work/comphyd_lab/users/arman.haddadchi/MERIT_Basins_Pfaf3/outputs/pfaf_72,control_pfaf_722.txt,cat_pfaf_3_722_MERIT_Hydro_v07_Basins_v01_bugfix1.shp,riv_pfaf_3_722_MERIT_Hydro_v07_Basins_v01_bugfix1.shp,cat_pfaf_3_722_MERIT_Hydro_v07_Basins_v01_bugfix1.shp
MERIT_723,/work/comphyd_lab/users/arman.haddadchi/MERIT_Basins_Pfaf3/outputs/pfaf_72,control_pfaf_723.txt,cat_pfaf_3_723_MERIT_Hydro_v07_Basins_v01_bugfix1.shp,riv_pfaf_3_723_MERIT_Hydro_v07_Basins_v01_bugfix1.shp,cat_pfaf_3_723_MERIT_Hydro_v07_Basins_v01_bugfix1.shp
MERIT_724,/work/comphyd_lab/users/arman.haddadchi/MERIT_Basins_Pfaf3/outputs/pfaf_72,control_pfaf_724.txt,cat_pfaf_3_724_MERIT_Hydro_v07_Basins_v01_bugfix1.shp,riv_pfaf_3_724_MERIT_Hydro_v07_Basins_v01_bugfix1.shp,cat_pfaf_3_724_MERIT_Hydro_v07_Basins_v01_bugfix1.shp
MERIT_725,/work/comphyd_lab/users/arman.haddadchi/MERIT_Basins_Pfaf3/outputs/pfaf_72,control_pfaf_725.txt,cat_pfaf_3_725_MERIT_Hydro_v07_Basins_v01_bugfix1.shp,riv_pfaf_3_725_MERIT_Hydro_v07_Basins_v01_bugfix1.shp,cat_pfaf_3_725_MERIT_Hydro_v07_Basins_v01_bugfix1.shp
MERIT_726,/work/comphyd_lab/users/arman.haddadchi/MERIT_Basins_Pfaf3/outputs/pfaf_72,control_pfaf_726.txt,cat_pfaf_3_726_MERIT_Hydro_v07_Basins_v01_bugfix1.shp,riv_pfaf_3_726_MERIT_Hydro_v07_Basins_v01_bugfix1.shp,cat_pfaf_3_726_MERIT_Hydro_v07_Basins_v01_bugfix1.shp
MERIT_727,/work/comphyd_lab/users/arman.haddadchi/MERIT_Basins_Pfaf3/outputs/pfaf_72,control_pfaf_727.txt,cat_pfaf_3_727_MERIT_Hydro_v07_Basins_v01_bugfix1.shp,riv_pfaf_3_727_MERIT_Hydro_v07_Basins_v01_bugfix1.shp,cat_pfaf_3_727_MERIT_Hydro_v07_Basins_v01_bugfix1.shp
MERIT_728,/work/comphyd_lab/users/arman.haddadchi/MERIT_Basins_Pfaf3/outputs/pfaf_72,control_pfaf_728.txt,cat_pfaf_3_728_MERIT_Hydro_v07_Basins_v01_bugfix1.shp,riv_pfaf_3_728_MERIT_Hydro_v07_Basins_v01_bugfix1.shp,cat_pfaf_3_728_MERIT_Hydro_v07_Basins_v01_bugfix1.shp
MERIT_729,/work/comphyd_lab/users/arman.haddadchi/MERIT_Basins_Pfaf3/outputs/pfaf_72,control_pfaf_729.txt,cat_pfaf_3_729_MERIT_Hydro_v07_Basins_v01_bugfix1.shp,riv_pfaf_3_729_MERIT_Hydro_v07_Basins_v01_bugfix1.shp,cat_pfaf_3_729_MERIT_Hydro_v07_Basins_v01_bugfix1.shp
MERIT_731,/work/comphyd_lab/users/arman.haddadchi/MERIT_Basins_Pfaf3/outputs/pfaf_73,control_pfaf_731.txt,cat_pfaf_3_731_MERIT_Hydro_v07_Basins_v01_bugfix1.shp,riv_pfaf_3_731_MERIT_Hydro_v07_Basins_v01_bugfix1.shp,cat_pfaf_3_731_MERIT_Hydro_v07_Basins_v01_bugfix1.shp
MERIT_732,/work/comphyd_lab/users/arman.haddadchi/MERIT_Basins_Pfaf3/outputs/pfaf_73,control_pfaf_732.txt,cat_pfaf_3_732_MERIT_Hydro_v07_Basins_v01_bugfix1.shp,riv_pfaf_3_732_MERIT_Hydro_v07_Basins_v01_bugfix1.shp,cat_pfaf_3_732_MERIT_Hydro_v07_Basins_v01_bugfix1.shp
MERIT_733,/work/comphyd_lab/users/arman.haddadchi/MERIT_Basins_Pfaf3/outputs/pfaf_73,control_pfaf_733.txt,cat_pfaf_3_733_MERIT_Hydro_v07_Basins_v01_bugfix1.shp,riv_pfaf_3_733_MERIT_Hydro_v07_Basins_v01_bugfix1.shp,cat_pfaf_3_733_MERIT_Hydro_v07_Basins_v01_bugfix1.shp
MERIT_734,/work/comphyd_lab/users/arman.haddadchi/MERIT_Basins_Pfaf3/outputs/pfaf_73,control_pfaf_734.txt,cat_pfaf_3_734_MERIT_Hydro_v07_Basins_v01_bugfix1.shp,riv_pfaf_3_734_MERIT_Hydro_v07_Basins_v01_bugfix1.shp,cat_pfaf_3_734_MERIT_Hydro_v07_Basins_v01_bugfix1.shp
MERIT_735,/work/comphyd_lab/users/arman.haddadchi/MERIT_Basins_Pfaf3/outputs/pfaf_73,control_pfaf_735.txt,cat_pfaf_3_735_MERIT_Hydro_v07_Basins_v01_bugfix1.shp,riv_pfaf_3_735_MERIT_Hydro_v07_Basins_v01_bugfix1.shp,cat_pfaf_3_735_MERIT_Hydro_v07_Basins_v01_bugfix1.shp
MERIT_736,/work/comphyd_lab/users/arman.haddadchi/MERIT_Basins_Pfaf3/outputs/pfaf_73,control_pfaf_736.txt,cat_pfaf_3_736_MERIT_Hydro_v07_Basins_v01_bugfix1.shp,riv_pfaf_3_736_MERIT_Hydro_v07_Basins_v01_bugfix1.shp,cat_pfaf_3_736_MERIT_Hydro_v07_Basins_v01_bugfix1.shp
MERIT_737,/work/comphyd_lab/users/arman.haddadchi/MERIT_Basins_Pfaf3/outputs/pfaf_73,control_pfaf_737.txt,cat_pfaf_3_737_MERIT_Hydro_v07_Basins_v01_bugfix1.shp,riv_pfaf_3_737_MERIT_Hydro_v07_Basins_v01_bugfix1.shp,cat_pfaf_3_737_MERIT_Hydro_v07_Basins_v01_bugfix1.shp
MERIT_738,/work/comphyd_lab/users/arman.haddadchi/MERIT_Basins_Pfaf3/outputs/pfaf_73,control_pfaf_738.txt,cat_pfaf_3_738_MERIT_Hydro_v07_Basins_v01_bugfix1.shp,riv_pfaf_3_738_MERIT_Hydro_v07_Basins_v01_bugfix1.shp,cat_pfaf_3_738_MERIT_Hydro_v07_Basins_v01_bugfix1.shp
MERIT_739,/work/comphyd_lab/users/arman.haddadchi/MERIT_Basins_Pfaf3/outputs/pfaf_73,control_pfaf_739.txt,cat_pfaf_3_739_MERIT_Hydro_v07_Basins_v01_bugfix1.shp,riv_pfaf_3_739_MERIT_Hydro_v07_Basins_v01_bugfix1.shp,cat_pfaf_3_739_MERIT_Hydro_v07_Basins_v01_bugfix1.shp
MERIT_741,/work/comphyd_lab/users/arman.haddadchi/MERIT_Basins_Pfaf3/outputs/pfaf_74,control_pfaf_741.txt,cat_pfaf_3_741_MERIT_Hydro_v07_Basins_v01_bugfix1.shp,riv_pfaf_3_741_MERIT_Hydro_v07_Basins_v01_bugfix1.shp,cat_pfaf_3_741_MERIT_Hydro_v07_Basins_v01_bugfix1.shp
MERIT_742,/work/comphyd_lab/users/arman.haddadchi/MERIT_Basins_Pfaf3/outputs/pfaf_74,control_pfaf_742.txt,cat_pfaf_3_742_MERIT_Hydro_v07_Basins_v01_bugfix1.shp,riv_pfaf_3_742_MERIT_Hydro_v07_Basins_v01_bugfix1.shp,cat_pfaf_3_742_MERIT_Hydro_v07_Basins_v01_bugfix1.shp
MERIT_743,/work/comphyd_lab/users/arman.haddadchi/MERIT_Basins_Pfaf3/outputs/pfaf_74,control_pfaf_743.txt,cat_pfaf_3_743_MERIT_Hydro_v07_Basins_v01_bugfix1.shp,riv_pfaf_3_743_MERIT_Hydro_v07_Basins_v01_bugfix1.shp,cat_pfaf_3_743_MERIT_Hydro_v07_Basins_v01_bugfix1.shp
MERIT_744,/work/comphyd_lab/users/arman.haddadchi/MERIT_Basins_Pfaf3/outputs/pfaf_74,control_pfaf_744.txt,cat_pfaf_3_744_MERIT_Hydro_v07_Basins_v01_bugfix1.shp,riv_pfaf_3_744_MERIT_Hydro_v07_Basins_v01_bugfix1.shp,cat_pfaf_3_744_MERIT_Hydro_v07_Basins_v01_bugfix1.shp
MERIT_745,/work/comphyd_lab/users/arman.haddadchi/MERIT_Basins_Pfaf3/outputs/pfaf_74,control_pfaf_745.txt,cat_pfaf_3_745_MERIT_Hydro_v07_Basins_v01_bugfix1.shp,riv_pfaf_3_745_MERIT_Hydro_v07_Basins_v01_bugfix1.shp,cat_pfaf_3_745_MERIT_Hydro_v07_Basins_v01_bugfix1.shp
MERIT_746,/work/comphyd_lab/users/arman.haddadchi/MERIT_Basins_Pfaf3/outputs/pfaf_74,control_pfaf_746.txt,cat_pfaf_3_746_MERIT_Hydro_v07_Basins_v01_bugfix1.shp,riv_pfaf_3_746_MERIT_Hydro_v07_Basins_v01_bugfix1.shp,cat_pfaf_3_746_MERIT_Hydro_v07_Basins_v01_bugfix1.shp
MERIT_747,/work/comphyd_lab/users/arman.haddadchi/MERIT_Basins_Pfaf3/outputs/pfaf_74,control_pfaf_747.txt,cat_pfaf_3_747_MERIT_Hydro_v07_Basins_v01_bugfix1.shp,riv_pfaf_3_747_MERIT_Hydro_v07_Basins_v01_bugfix1.shp,cat_pfaf_3_747_MERIT_Hydro_v07_Basins_v01_bugfix1.shp
MERIT_748,/work/comphyd_lab/users/arman.haddadchi/MERIT_Basins_Pfaf3/outputs/pfaf_74,control_pfaf_748.txt,cat_pfaf_3_748_MERIT_Hydro_v07_Basins_v01_bugfix1.shp,riv_pfaf_3_748_MERIT_Hydro_v07_Basins_v01_bugfix1.shp,cat_pfaf_3_748_MERIT_Hydro_v07_Basins_v01_bugfix1.shp
MERIT_749,/work/comphyd_lab/users/arman.haddadchi/MERIT_Basins_Pfaf3/outputs/pfaf_74,control_pfaf_749.txt,cat_pfaf_3_749_MERIT_Hydro_v07_Basins_v01_bugfix1.shp,riv_pfaf_3_749_MERIT_Hydro_v07_Basins_v01_bugfix1.shp,cat_pfaf_3_749_MERIT_Hydro_v07_Basins_v01_bugfix1.shp
MERIT_751,/work/comphyd_lab/users/arman.haddadchi/MERIT_Basins_Pfaf3/outputs/pfaf_75,control_pfaf_751.txt,cat_pfaf_3_751_MERIT_Hydro_v07_Basins_v01_bugfix1.shp,riv_pfaf_3_751_MERIT_Hydro_v07_Basins_v01_bugfix1.shp,cat_pfaf_3_751_MERIT_Hydro_v07_Basins_v01_bugfix1.shp
MERIT_752,/work/comphyd_lab/users/arman.haddadchi/MERIT_Basins_Pfaf3/outputs/pfaf_75,control_pfaf_752.txt,cat_pfaf_3_752_MERIT_Hydro_v07_Basins_v01_bugfix1.shp,riv_pfaf_3_752_MERIT_Hydro_v07_Basins_v01_bugfix1.shp,cat_pfaf_3_752_MERIT_Hydro_v07_Basins_v01_bugfix1.shp
MERIT_753,/work/comphyd_lab/users/arman.haddadchi/MERIT_Basins_Pfaf3/outputs/pfaf_75,control_pfaf_753.txt,cat_pfaf_3_753_MERIT_Hydro_v07_Basins_v01_bugfix1.shp,riv_pfaf_3_753_MERIT_Hydro_v07_Basins_v01_bugfix1.shp,cat_pfaf_3_753_MERIT_Hydro_v07_Basins_v01_bugfix1.shp
MERIT_754,/work/comphyd_lab/users/arman.haddadchi/MERIT_Basins_Pfaf3/outputs/pfaf_75,control_pfaf_754.txt,cat_pfaf_3_754_MERIT_Hydro_v07_Basins_v01_bugfix1.shp,riv_pfaf_3_754_MERIT_Hydro_v07_Basins_v01_bugfix1.shp,cat_pfaf_3_754_MERIT_Hydro_v07_Basins_v01_bugfix1.shp
MERIT_755,/work/comphyd_lab/users/arman.haddadchi/MERIT_Basins_Pfaf3/outputs/pfaf_75,control_pfaf_755.txt,cat_pfaf_3_755_MERIT_Hydro_v07_Basins_v01_bugfix1.shp,riv_pfaf_3_755_MERIT_Hydro_v07_Basins_v01_bugfix1.shp,cat_pfaf_3_755_MERIT_Hydro_v07_Basins_v01_bugfix1.shp
MERIT_756,/work/comphyd_lab/users/arman.haddadchi/MERIT_Basins_Pfaf3/outputs/pfaf_75,control_pfaf_756.txt,cat_pfaf_3_756_MERIT_Hydro_v07_Basins_v01_bugfix1.shp,riv_pfaf_3_756_MERIT_Hydro_v07_Basins_v01_bugfix1.shp,cat_pfaf_3_756_MERIT_Hydro_v07_Basins_v01_bugfix1.shp
MERIT_757,/work/comphyd_lab/users/arman.haddadchi/MERIT_Basins_Pfaf3/outputs/pfaf_75,control_pfaf_757.txt,cat_pfaf_3_757_MERIT_Hydro_v07_Basins_v01_bugfix1.shp,riv_pfaf_3_757_MERIT_Hydro_v07_Basins_v01_bugfix1.shp,cat_pfaf_3_757_MERIT_Hydro_v07_Basins_v01_bugfix1.shp
MERIT_758,/work/comphyd_lab/users/arman.haddadchi/MERIT_Basins_Pfaf3/outputs/pfaf_75,control_pfaf_758.txt,cat_pfaf_3_758_MERIT_Hydro_v07_Basins_v01_bugfix1.shp,riv_pfaf_3_758_MERIT_Hydro_v07_Basins_v01_bugfix1.shp,cat_pfaf_3_758_MERIT_Hydro_v07_Basins_v01_bugfix1.shp
MERIT_759,/work/comphyd_lab/users/arman.haddadchi/MERIT_Basins_Pfaf3/outputs/pfaf_75,control_pfaf_759.txt,cat_pfaf_3_759_MERIT_Hydro_v07_Basins_v01_bugfix1.shp,riv_pfaf_3_759_MERIT_Hydro_v07_Basins_v01_bugfix1.shp,cat_pfaf_3_759_MERIT_Hydro_v07_Basins_v01_bugfix1.shp
MERIT_761,/work/comphyd_lab/users/arman.haddadchi/MERIT_Basins_Pfaf3/outputs/pfaf_76,control_pfaf_761.txt,cat_pfaf_3_761_MERIT_Hydro_v07_Basins_v01_bugfix1.shp,riv_pfaf_3_761_MERIT_Hydro_v07_Basins_v01_bugfix1.shp,cat_pfaf_3_761_MERIT_Hydro_v07_Basins_v01_bugfix1.shp
MERIT_762,/work/comphyd_lab/users/arman.haddadchi/MERIT_Basins_Pfaf3/outputs/pfaf_76,control_pfaf_762.txt,cat_pfaf_3_762_MERIT_Hydro_v07_Basins_v01_bugfix1.shp,riv_pfaf_3_762_MERIT_Hydro_v07_Basins_v01_bugfix1.shp,cat_pfaf_3_762_MERIT_Hydro_v07_Basins_v01_bugfix1.shp
MERIT_763,/work/comphyd_lab/users/arman.haddadchi/MERIT_Basins_Pfaf3/outputs/pfaf_76,control_pfaf_763.txt,cat_pfaf_3_763_MERIT_Hydro_v07_Basins_v01_bugfix1.shp,riv_pfaf_3_763_MERIT_Hydro_v07_Basins_v01_bugfix1.shp,cat_pfaf_3_763_MERIT_Hydro_v07_Basins_v01_bugfix1.shp
MERIT_764,/work/comphyd_lab/users/arman.haddadchi/MERIT_Basins_Pfaf3/outputs/pfaf_76,control_pfaf_764.txt,cat_pfaf_3_764_MERIT_Hydro_v07_Basins_v01_bugfix1.shp,riv_pfaf_3_764_MERIT_Hydro_v07_Basins_v01_bugfix1.shp,cat_pfaf_3_764_MERIT_Hydro_v07_Basins_v01_bugfix1.shp
MERIT_765,/work/comphyd_lab/users/arman.haddadchi/MERIT_Basins_Pfaf3/outputs/pfaf_76,control_pfaf_765.txt,cat_pfaf_3_765_MERIT_Hydro_v07_Basins_v01_bugfix1.shp,riv_pfaf_3_765_MERIT_Hydro_v07_Basins_v01_bugfix1.shp,cat_pfaf_3_765_MERIT_Hydro_v07_Basins_v01_bugfix1.shp
MERIT_766,/work/comphyd_lab/users/arman.haddadchi/MERIT_Basins_Pfaf3/outputs/pfaf_76,control_pfaf_766.txt,cat_pfaf_3_766_MERIT_Hydro_v07_Basins_v01_bugfix1.shp,riv_pfaf_3_766_MERIT_Hydro_v07_Basins_v01_bugfix1.shp,cat_pfaf_3_766_MERIT_Hydro_v07_Basins_v01_bugfix1.shp
MERIT_767,/work/comphyd_lab/users/arman.haddadchi/MERIT_Basins_Pfaf3/outputs/pfaf_76,control_pfaf_767.txt,cat_pfaf_3_767_MERIT_Hydro_v07_Basins_v01_bugfix1.shp,riv_pfaf_3_767_MERIT_Hydro_v07_Basins_v01_bugfix1.shp,cat_pfaf_3_767_MERIT_Hydro_v07_Basins_v01_bugfix1.shp
MERIT_768,/work/comphyd_lab/users/arman.haddadchi/MERIT_Basins_Pfaf3/outputs/pfaf_76,control_pfaf_768.txt,cat_pfaf_3_768_MERIT_Hydro_v07_Basins_v01_bugfix1.shp,riv_pfaf_3_768_MERIT_Hydro_v07_Basins_v01_bugfix1.shp,cat_pfaf_3_768_MERIT_Hydro_v07_Basins_v01_bugfix1.shp
MERIT_769,/work/comphyd_lab/users/arman.haddadchi/MERIT_Basins_Pfaf3/outputs/pfaf_76,control_pfaf_769.txt,cat_pfaf_3_769_MERIT_Hydro_v07_Basins_v01_bugfix1.shp,riv_pfaf_3_769_MERIT_Hydro_v07_Basins_v01_bugfix1.shp,cat_pfaf_3_769_MERIT_Hydro_v07_Basins_v01_bugfix1.shp
MERIT_771,/work/comphyd_lab/users/arman.haddadchi/MERIT_Basins_Pfaf3/outputs/pfaf_77,control_pfaf_771.txt,cat_pfaf_3_771_MERIT_Hydro_v07_Basins_v01_bugfix1.shp,riv_pfaf_3_771_MERIT_Hydro_v07_Basins_v01_bugfix1.shp,cat_pfaf_3_771_MERIT_Hydro_v07_Basins_v01_bugfix1.shp
MERIT_772,/work/comphyd_lab/users/arman.haddadchi/MERIT_Basins_Pfaf3/outputs/pfaf_77,control_pfaf_772.txt,cat_pfaf_3_772_MERIT_Hydro_v07_Basins_v01_bugfix1.shp,riv_pfaf_3_772_MERIT_Hydro_v07_Basins_v01_bugfix1.shp,cat_pfaf_3_772_MERIT_Hydro_v07_Basins_v01_bugfix1.shp
MERIT_773,/work/comphyd_lab/users/arman.haddadchi/MERIT_Basins_Pfaf3/outputs/pfaf_77,control_pfaf_773.txt,cat_pfaf_3_773_MERIT_Hydro_v07_Basins_v01_bugfix1.shp,riv_pfaf_3_773_MERIT_Hydro_v07_Basins_v01_bugfix1.shp,cat_pfaf_3_773_MERIT_Hydro_v07_Basins_v01_bugfix1.shp
MERIT_774,/work/comphyd_lab/users/arman.haddadchi/MERIT_Basins_Pfaf3/outputs/pfaf_77,control_pfaf_774.txt,cat_pfaf_3_774_MERIT_Hydro_v07_Basins_v01_bugfix1.shp,riv_pfaf_3_774_MERIT_Hydro_v07_Basins_v01_bugfix1.shp,cat_pfaf_3_774_MERIT_Hydro_v07_Basins_v01_bugfix1.shp
MERIT_775,/work/comphyd_lab/users/arman.haddadchi/MERIT_Basins_Pfaf3/outputs/pfaf_77,control_pfaf_775.txt,cat_pfaf_3_775_MERIT_Hydro_v07_Basins_v01_bugfix1.shp,riv_pfaf_3_775_MERIT_Hydro_v07_Basins_v01_bugfix1.shp,cat_pfaf_3_775_MERIT_Hydro_v07_Basins_v01_bugfix1.shp
MERIT_776,/work/comphyd_lab/users/arman.haddadchi/MERIT_Basins_Pfaf3/outputs/pfaf_77,control_pfaf_776.txt,cat_pfaf_3_776_MERIT_Hydro_v07_Basins_v01_bugfix1.shp,riv_pfaf_3_776_MERIT_Hydro_v07_Basins_v01_bugfix1.shp,cat_pfaf_3_776_MERIT_Hydro_v07_Basins_v01_bugfix1.shp
MERIT_777,/work/comphyd_lab/users/arman.haddadchi/MERIT_Basins_Pfaf3/outputs/pfaf_77,control_pfaf_777.txt,cat_pfaf_3_777_MERIT_Hydro_v07_Basins_v01_bugfix1.shp,riv_pfaf_3_777_MERIT_Hydro_v07_Basins_v01_bugfix1.shp,cat_pfaf_3_777_MERIT_Hydro_v07_Basins_v01_bugfix1.shp
MERIT_778,/work/comphyd_lab/users/arman.haddadchi/MERIT_Basins_Pfaf3/outputs/pfaf_77,control_pfaf_778.txt,cat_pfaf_3_778_MERIT_Hydro_v07_Basins_v01_bugfix1.shp,riv_pfaf_3_778_MERIT_Hydro_v07_Basins_v01_bugfix1.shp,cat_pfaf_3_778_MERIT_Hydro_v07_Basins_v01_bugfix1.shp
MERIT_779,/work/comphyd_lab/users/arman.haddadchi/MERIT_Basins_Pfaf3/outputs/pfaf_77,control_pfaf_779.txt,cat_pfaf_3_779_MERIT_Hydro_v07_Basins_v01_bugfix1.shp,riv_pfaf_3_779_MERIT_Hydro_v07_Basins_v01_bugfix1.shp,cat_pfaf_3_779_MERIT_Hydro_v07_Basins_v01_bugfix1.shp
MERIT_781,/work/comphyd_lab/users/arman.haddadchi/MERIT_Basins_Pfaf3/outputs/pfaf_78,control_pfaf_781.txt,cat_pfaf_3_781_MERIT_Hydro_v07_Basins_v01_bugfix1.shp,riv_pfaf_3_781_MERIT_Hydro_v07_Basins_v01_bugfix1.shp,cat_pfaf_3_781_MERIT_Hydro_v07_Basins_v01_bugfix1.shp
MERIT_782,/work/comphyd_lab/users/arman.haddadchi/MERIT_Basins_Pfaf3/outputs/pfaf_78,control_pfaf_782.txt,cat_pfaf_3_782_MERIT_Hydro_v07_Basins_v01_bugfix1.shp,riv_pfaf_3_782_MERIT_Hydro_v07_Basins_v01_bugfix1.shp,cat_pfaf_3_782_MERIT_Hydro_v07_Basins_v01_bugfix1.shp
MERIT_783,/work/comphyd_lab/users/arman.haddadchi/MERIT_Basins_Pfaf3/outputs/pfaf_78,control_pfaf_783.txt,cat_pfaf_3_783_MERIT_Hydro_v07_Basins_v01_bugfix1.shp,riv_pfaf_3_783_MERIT_Hydro_v07_Basins_v01_bugfix1.shp,cat_pfaf_3_783_MERIT_Hydro_v07_Basins_v01_bugfix1.shp
MERIT_784,/work/comphyd_lab/users/arman.haddadchi/MERIT_Basins_Pfaf3/outputs/pfaf_78,control_pfaf_784.txt,cat_pfaf_3_784_MERIT_Hydro_v07_Basins_v01_bugfix1.shp,riv_pfaf_3_784_MERIT_Hydro_v07_Basins_v01_bugfix1.shp,cat_pfaf_3_784_MERIT_Hydro_v07_Basins_v01_bugfix1.shp
MERIT_785,/work/comphyd_lab/users/arman.haddadchi/MERIT_Basins_Pfaf3/outputs/pfaf_78,control_pfaf_785.txt,cat_pfaf_3_785_MERIT_Hydro_v07_Basins_v01_bugfix1.shp,riv_pfaf_3_785_MERIT_Hydro_v07_Basins_v01_bugfix1.shp,cat_pfaf_3_785_MERIT_Hydro_v07_Basins_v01_bugfix1.shp
MERIT_786,/work/comphyd_lab/users/arman.haddadchi/MERIT_Basins_Pfaf3/outputs/pfaf_78,control_pfaf_786.txt,cat_pfaf_3_786_MERIT_Hydro_v07_Basins_v01_bugfix1.shp,riv_pfaf_3_786_MERIT_Hydro_v07_Basins_v01_bugfix1.shp,cat_pfaf_3_786_MERIT_Hydro_v07_Basins_v01_bugfix1.shp
MERIT_787,/work/comphyd_lab/users/arman.haddadchi/MERIT_Basins_Pfaf3/outputs/pfaf_78,control_pfaf_787.txt,cat_pfaf_3_787_MERIT_Hydro_v07_Basins_v01_bugfix1.shp,riv_pfaf_3_787_MERIT_Hydro_v07_Basins_v01_bugfix1.shp,cat_pfaf_3_787_MERIT_Hydro_v07_Basins_v01_bugfix1.shp
MERIT_788,/work/comphyd_lab/users/arman.haddadchi/MERIT_Basins_Pfaf3/outputs/pfaf_78,control_pfaf_788.txt,cat_pfaf_3_788_MERIT_Hydro_v07_Basins_v01_bugfix1.shp,riv_pfaf_3_788_MERIT_Hydro_v07_Basins_v01_bugfix1.shp,cat_pfaf_3_788_MERIT_Hydro_v07_Basins_v01_bugfix1.shp
MERIT_789,/work/comphyd_lab/users/arman.haddadchi/MERIT_Basins_Pfaf3/outputs/pfaf_78,control_pfaf_789.txt,cat_pfaf_3_789_MERIT_Hydro_v07_Basins_v01_bugfix1.shp,riv_pfaf_3_789_MERIT_Hydro_v07_Basins_v01_bugfix1.shp,cat_pfaf_3_789_MERIT_Hydro_v07_Basins_v01_bugfix1.shp
MERIT_791,/work/comphyd_lab/users/arman.haddadchi/MERIT_Basins_Pfaf3/outputs/pfaf_79,control_pfaf_791.txt,cat_pfaf_3_791_MERIT_Hydro_v07_Basins_v01_bugfix1.shp,riv_pfaf_3_791_MERIT_Hydro_v07_Basins_v01_bugfix1.shp,cat_pfaf_3_791_MERIT_Hydro_v07_Basins_v01_bugfix1.shp
MERIT_792,/work/comphyd_lab/users/arman.haddadchi/MERIT_Basins_Pfaf3/outputs/pfaf_79,control_pfaf_792.txt,cat_pfaf_3_792_MERIT_Hydro_v07_Basins_v01_bugfix1.shp,riv_pfaf_3_792_MERIT_Hydro_v07_Basins_v01_bugfix1.shp,cat_pfaf_3_792_MERIT_Hydro_v07_Basins_v01_bugfix1.shp
MERIT_793,/work/comphyd_lab/users/arman.haddadchi/MERIT_Basins_Pfaf3/outputs/pfaf_79,control_pfaf_793.txt,cat_pfaf_3_793_MERIT_Hydro_v07_Basins_v01_bugfix1.shp,riv_pfaf_3_793_MERIT_Hydro_v07_Basins_v01_bugfix1.shp,cat_pfaf_3_793_MERIT_Hydro_v07_Basins_v01_bugfix1.shp
MERIT_794,/work/comphyd_lab/users/arman.haddadchi/MERIT_Basins_Pfaf3/outputs/pfaf_79,control_pfaf_794.txt,cat_pfaf_3_794_MERIT_Hydro_v07_Basins_v01_bugfix1.shp,riv_pfaf_3_794_MERIT_Hydro_v07_Basins_v01_bugfix1.shp,cat_pfaf_3_794_MERIT_Hydro_v07_Basins_v01_bugfix1.shp
MERIT_795,/work/comphyd_lab/users/arman.haddadchi/MERIT_Basins_Pfaf3/outputs/pfaf_79,control_pfaf_795.txt,cat_pfaf_3_795_MERIT_Hydro_v07_Basins_v01_bugfix1.shp,riv_pfaf_3_795_MERIT_Hydro_v07_Basins_v01_bugfix1.shp,cat_pfaf_3_795_MERIT_Hydro_v07_Basins_v01_bugfix1.shp
MERIT_796,/work/comphyd_lab/users/arman.haddadchi/MERIT_Basins_Pfaf3/outputs/pfaf_79,control_pfaf_796.txt,cat_pfaf_3_796_MERIT_Hydro_v07_Basins_v01_bugfix1.shp,riv_pfaf_3_796_MERIT_Hydro_v07_Basins_v01_bugfix1.shp,cat_pfaf_3_796_MERIT_Hydro_v07_Basins_v01_bugfix1.shp
MERIT_797,/work/comphyd_lab/users/arman.haddadchi/MERIT_Basins_Pfaf3/outputs/pfaf_79,control_pfaf_797.txt,cat_pfaf_3_797_MERIT_Hydro_v07_Basins_v01_bugfix1.shp,riv_pfaf_3_797_MERIT_Hydro_v07_Basins_v01_bugfix1.shp,cat_pfaf_3_797_MERIT_Hydro_v07_Basins_v01_bugfix1.shp
MERIT_798,/work/comphyd_lab/users/arman.haddadchi/MERIT_Basins_Pfaf3/outputs/pfaf_79,control_pfaf_798.txt,cat_pfaf_3_798_MERIT_Hydro_v07_Basins_v01_bugfix1.shp,riv_pfaf_3_798_MERIT_Hydro_v07_Basins_v01_bugfix1.shp,cat_pfaf_3_798_MERIT_Hydro_v07_Basins_v01_bugfix1.shp
MERIT_799,/work/comphyd_lab/users/arman.haddadchi/MERIT_Basins_Pfaf3/outputs/pfaf_79,control_pfaf_799.txt,cat_pfaf_3_799_MERIT_Hydro_v07_Basins_v01_bugfix1.shp,riv_pfaf_3_799_MERIT_Hydro_v07_Basins_v01_bugfix1.shp,cat_pfaf_3_799_MERIT_Hydro_v07_Basins_v01_bugfix1.shp
MERIT_811,/work/comphyd_lab/users/arman.haddadchi/MERIT_Basins_Pfaf3/outputs/pfaf_81,control_pfaf_811.txt,cat_pfaf_3_811_MERIT_Hydro_v07_Basins_v01_bugfix1.shp,riv_pfaf_3_811_MERIT_Hydro_v07_Basins_v01_bugfix1.shp,cat_pfaf_3_811_MERIT_Hydro_v07_Basins_v01_bugfix1.shp
MERIT_812,/work/comphyd_lab/users/arman.haddadchi/MERIT_Basins_Pfaf3/outputs/pfaf_81,control_pfaf_812.txt,cat_pfaf_3_812_MERIT_Hydro_v07_Basins_v01_bugfix1.shp,riv_pfaf_3_812_MERIT_Hydro_v07_Basins_v01_bugfix1.shp,cat_pfaf_3_812_MERIT_Hydro_v07_Basins_v01_bugfix1.shp
MERIT_813,/work/comphyd_lab/users/arman.haddadchi/MERIT_Basins_Pfaf3/outputs/pfaf_81,control_pfaf_813.txt,cat_pfaf_3_813_MERIT_Hydro_v07_Basins_v01_bugfix1.shp,riv_pfaf_3_813_MERIT_Hydro_v07_Basins_v01_bugfix1.shp,cat_pfaf_3_813_MERIT_Hydro_v07_Basins_v01_bugfix1.shp
MERIT_814,/work/comphyd_lab/users/arman.haddadchi/MERIT_Basins_Pfaf3/outputs/pfaf_81,control_pfaf_814.txt,cat_pfaf_3_814_MERIT_Hydro_v07_Basins_v01_bugfix1.shp,riv_pfaf_3_814_MERIT_Hydro_v07_Basins_v01_bugfix1.shp,cat_pfaf_3_814_MERIT_Hydro_v07_Basins_v01_bugfix1.shp
MERIT_815,/work/comphyd_lab/users/arman.haddadchi/MERIT_Basins_Pfaf3/outputs/pfaf_81,control_pfaf_815.txt,cat_pfaf_3_815_MERIT_Hydro_v07_Basins_v01_bugfix1.shp,riv_pfaf_3_815_MERIT_Hydro_v07_Basins_v01_bugfix1.shp,cat_pfaf_3_815_MERIT_Hydro_v07_Basins_v01_bugfix1.shp
MERIT_816,/work/comphyd_lab/users/arman.haddadchi/MERIT_Basins_Pfaf3/outputs/pfaf_81,control_pfaf_816.txt,cat_pfaf_3_816_MERIT_Hydro_v07_Basins_v01_bugfix1.shp,riv_pfaf_3_816_MERIT_Hydro_v07_Basins_v01_bugfix1.shp,cat_pfaf_3_816_MERIT_Hydro_v07_Basins_v01_bugfix1.shp
MERIT_817,/work/comphyd_lab/users/arman.haddadchi/MERIT_Basins_Pfaf3/outputs/pfaf_81,control_pfaf_817.txt,cat_pfaf_3_817_MERIT_Hydro_v07_Basins_v01_bugfix1.shp,riv_pfaf_3_817_MERIT_Hydro_v07_Basins_v01_bugfix1.shp,cat_pfaf_3_817_MERIT_Hydro_v07_Basins_v01_bugfix1.shp
MERIT_818,/work/comphyd_lab/users/arman.haddadchi/MERIT_Basins_Pfaf3/outputs/pfaf_81,control_pfaf_818.txt,cat_pfaf_3_818_MERIT_Hydro_v07_Basins_v01_bugfix1.shp,riv_pfaf_3_818_MERIT_Hydro_v07_Basins_v01_bugfix1.shp,cat_pfaf_3_818_MERIT_Hydro_v07_Basins_v01_bugfix1.shp
MERIT_819,/work/comphyd_lab/users/arman.haddadchi/MERIT_Basins_Pfaf3/outputs/pfaf_81,control_pfaf_819.txt,cat_pfaf_3_819_MERIT_Hydro_v07_Basins_v01_bugfix1.shp,riv_pfaf_3_819_MERIT_Hydro_v07_Basins_v01_bugfix1.shp,cat_pfaf_3_819_MERIT_Hydro_v07_Basins_v01_bugfix1.shp
MERIT_821,/work/comphyd_lab/users/arman.haddadchi/MERIT_Basins_Pfaf3/outputs/pfaf_82,control_pfaf_821.txt,cat_pfaf_3_821_MERIT_Hydro_v07_Basins_v01_bugfix1.shp,riv_pfaf_3_821_MERIT_Hydro_v07_Basins_v01_bugfix1.shp,cat_pfaf_3_821_MERIT_Hydro_v07_Basins_v01_bugfix1.shp
MERIT_822,/work/comphyd_lab/users/arman.haddadchi/MERIT_Basins_Pfaf3/outputs/pfaf_82,control_pfaf_822.txt,cat_pfaf_3_822_MERIT_Hydro_v07_Basins_v01_bugfix1.shp,riv_pfaf_3_822_MERIT_Hydro_v07_Basins_v01_bugfix1.shp,cat_pfaf_3_822_MERIT_Hydro_v07_Basins_v01_bugfix1.shp
MERIT_823,/work/comphyd_lab/users/arman.haddadchi/MERIT_Basins_Pfaf3/outputs/pfaf_82,control_pfaf_823.txt,cat_pfaf_3_823_MERIT_Hydro_v07_Basins_v01_bugfix1.shp,riv_pfaf_3_823_MERIT_Hydro_v07_Basins_v01_bugfix1.shp,cat_pfaf_3_823_MERIT_Hydro_v07_Basins_v01_bugfix1.shp
MERIT_824,/work/comphyd_lab/users/arman.haddadchi/MERIT_Basins_Pfaf3/outputs/pfaf_82,control_pfaf_824.txt,cat_pfaf_3_824_MERIT_Hydro_v07_Basins_v01_bugfix1.shp,riv_pfaf_3_824_MERIT_Hydro_v07_Basins_v01_bugfix1.shp,cat_pfaf_3_824_MERIT_Hydro_v07_Basins_v01_bugfix1.shp
MERIT_825,/work/comphyd_lab/users/arman.haddadchi/MERIT_Basins_Pfaf3/outputs/pfaf_82,control_pfaf_825.txt,cat_pfaf_3_825_MERIT_Hydro_v07_Basins_v01_bugfix1.shp,riv_pfaf_3_825_MERIT_Hydro_v07_Basins_v01_bugfix1.shp,cat_pfaf_3_825_MERIT_Hydro_v07_Basins_v01_bugfix1.shp
MERIT_826,/work/comphyd_lab/users/arman.haddadchi/MERIT_Basins_Pfaf3/outputs/pfaf_82,control_pfaf_826.txt,cat_pfaf_3_826_MERIT_Hydro_v07_Basins_v01_bugfix1.shp,riv_pfaf_3_826_MERIT_Hydro_v07_Basins_v01_bugfix1.shp,cat_pfaf_3_826_MERIT_Hydro_v07_Basins_v01_bugfix1.shp
MERIT_827,/work/comphyd_lab/users/arman.haddadchi/MERIT_Basins_Pfaf3/outputs/pfaf_82,control_pfaf_827.txt,cat_pfaf_3_827_MERIT_Hydro_v07_Basins_v01_bugfix1.shp,riv_pfaf_3_827_MERIT_Hydro_v07_Basins_v01_bugfix1.shp,cat_pfaf_3_827_MERIT_Hydro_v07_Basins_v01_bugfix1.shp
MERIT_828,/work/comphyd_lab/users/arman.haddadchi/MERIT_Basins_Pfaf3/outputs/pfaf_82,control_pfaf_828.txt,cat_pfaf_3_828_MERIT_Hydro_v07_Basins_v01_bugfix1.shp,riv_pfaf_3_828_MERIT_Hydro_v07_Basins_v01_bugfix1.shp,cat_pfaf_3_828_MERIT_Hydro_v07_Basins_v01_bugfix1.shp
MERIT_829,/work/comphyd_lab/users/arman.haddadchi/MERIT_Basins_Pfaf3/outputs/pfaf_82,control_pfaf_829.txt,cat_pfaf_3_829_MERIT_Hydro_v07_Basins_v01_bugfix1.shp,riv_pfaf_3_829_MERIT_Hydro_v07_Basins_v01_bugfix1.shp,cat_pfaf_3_829_MERIT_Hydro_v07_Basins_v01_bugfix1.shp
MERIT_831,/work/comphyd_lab/users/arman.haddadchi/MERIT_Basins_Pfaf3/outputs/pfaf_83,control_pfaf_831.txt,cat_pfaf_3_831_MERIT_Hydro_v07_Basins_v01_bugfix1.shp,riv_pfaf_3_831_MERIT_Hydro_v07_Basins_v01_bugfix1.shp,cat_pfaf_3_831_MERIT_Hydro_v07_Basins_v01_bugfix1.shp
MERIT_832,/work/comphyd_lab/users/arman.haddadchi/MERIT_Basins_Pfaf3/outputs/pfaf_83,control_pfaf_832.txt,cat_pfaf_3_832_MERIT_Hydro_v07_Basins_v01_bugfix1.shp,riv_pfaf_3_832_MERIT_Hydro_v07_Basins_v01_bugfix1.shp,cat_pfaf_3_832_MERIT_Hydro_v07_Basins_v01_bugfix1.shp
MERIT_833,/work/comphyd_lab/users/arman.haddadchi/MERIT_Basins_Pfaf3/outputs/pfaf_83,control_pfaf_833.txt,cat_pfaf_3_833_MERIT_Hydro_v07_Basins_v01_bugfix1.shp,riv_pfaf_3_833_MERIT_Hydro_v07_Basins_v01_bugfix1.shp,cat_pfaf_3_833_MERIT_Hydro_v07_Basins_v01_bugfix1.shp
MERIT_834,/work/comphyd_lab/users/arman.haddadchi/MERIT_Basins_Pfaf3/outputs/pfaf_83,control_pfaf_834.txt,cat_pfaf_3_834_MERIT_Hydro_v07_Basins_v01_bugfix1.shp,riv_pfaf_3_834_MERIT_Hydro_v07_Basins_v01_bugfix1.shp,cat_pfaf_3_834_MERIT_Hydro_v07_Basins_v01_bugfix1.shp
MERIT_835,/work/comphyd_lab/users/arman.haddadchi/MERIT_Basins_Pfaf3/outputs/pfaf_83,control_pfaf_835.txt,cat_pfaf_3_835_MERIT_Hydro_v07_Basins_v01_bugfix1.shp,riv_pfaf_3_835_MERIT_Hydro_v07_Basins_v01_bugfix1.shp,cat_pfaf_3_835_MERIT_Hydro_v07_Basins_v01_bugfix1.shp
MERIT_836,/work/comphyd_lab/users/arman.haddadchi/MERIT_Basins_Pfaf3/outputs/pfaf_83,control_pfaf_836.txt,cat_pfaf_3_836_MERIT_Hydro_v07_Basins_v01_bugfix1.shp,riv_pfaf_3_836_MERIT_Hydro_v07_Basins_v01_bugfix1.shp,cat_pfaf_3_836_MERIT_Hydro_v07_Basins_v01_bugfix1.shp
MERIT_837,/work/comphyd_lab/users/arman.haddadchi/MERIT_Basins_Pfaf3/outputs/pfaf_83,control_pfaf_837.txt,cat_pfaf_3_837_MERIT_Hydro_v07_Basins_v01_bugfix1.shp,riv_pfaf_3_837_MERIT_Hydro_v07_Basins_v01_bugfix1.shp,cat_pfaf_3_837_MERIT_Hydro_v07_Basins_v01_bugfix1.shp
MERIT_838,/work/comphyd_lab/users/arman.haddadchi/MERIT_Basins_Pfaf3/outputs/pfaf_83,control_pfaf_838.txt,cat_pfaf_3_838_MERIT_Hydro_v07_Basins_v01_bugfix1.shp,riv_pfaf_3_838_MERIT_Hydro_v07_Basins_v01_bugfix1.shp,cat_pfaf_3_838_MERIT_Hydro_v07_Basins_v01_bugfix1.shp
MERIT_839,/work/comphyd_lab/users/arman.haddadchi/MERIT_Basins_Pfaf3/outputs/pfaf_83,control_pfaf_839.txt,cat_pfaf_3_839_MERIT_Hydro_v07_Basins_v01_bugfix1.shp,riv_pfaf_3_839_MERIT_Hydro_v07_Basins_v01_bugfix1.shp,cat_pfaf_3_839_MERIT_Hydro_v07_Basins_v01_bugfix1.shp
MERIT_841,/work/comphyd_lab/users/arman.haddadchi/MERIT_Basins_Pfaf3/outputs/pfaf_84,control_pfaf_841.txt,cat_pfaf_3_841_MERIT_Hydro_v07_Basins_v01_bugfix1.shp,riv_pfaf_3_841_MERIT_Hydro_v07_Basins_v01_bugfix1.shp,cat_pfaf_3_841_MERIT_Hydro_v07_Basins_v01_bugfix1.shp
MERIT_842,/work/comphyd_lab/users/arman.haddadchi/MERIT_Basins_Pfaf3/outputs/pfaf_84,control_pfaf_842.txt,cat_pfaf_3_842_MERIT_Hydro_v07_Basins_v01_bugfix1.shp,riv_pfaf_3_842_MERIT_Hydro_v07_Basins_v01_bugfix1.shp,cat_pfaf_3_842_MERIT_Hydro_v07_Basins_v01_bugfix1.shp
MERIT_843,/work/comphyd_lab/users/arman.haddadchi/MERIT_Basins_Pfaf3/outputs/pfaf_84,control_pfaf_843.txt,cat_pfaf_3_843_MERIT_Hydro_v07_Basins_v01_bugfix1.shp,riv_pfaf_3_843_MERIT_Hydro_v07_Basins_v01_bugfix1.shp,cat_pfaf_3_843_MERIT_Hydro_v07_Basins_v01_bugfix1.shp
MERIT_844,/work/comphyd_lab/users/arman.haddadchi/MERIT_Basins_Pfaf3/outputs/pfaf_84,control_pfaf_844.txt,cat_pfaf_3_844_MERIT_Hydro_v07_Basins_v01_bugfix1.shp,riv_pfaf_3_844_MERIT_Hydro_v07_Basins_v01_bugfix1.shp,cat_pfaf_3_844_MERIT_Hydro_v07_Basins_v01_bugfix1.shp
MERIT_845,/work/comphyd_lab/users/arman.haddadchi/MERIT_Basins_Pfaf3/outputs/pfaf_84,control_pfaf_845.txt,cat_pfaf_3_845_MERIT_Hydro_v07_Basins_v01_bugfix1.shp,riv_pfaf_3_845_MERIT_Hydro_v07_Basins_v01_bugfix1.shp,cat_pfaf_3_845_MERIT_Hydro_v07_Basins_v01_bugfix1.shp
MERIT_846,/work/comphyd_lab/users/arman.haddadchi/MERIT_Basins_Pfaf3/outputs/pfaf_84,control_pfaf_846.txt,cat_pfaf_3_846_MERIT_Hydro_v07_Basins_v01_bugfix1.shp,riv_pfaf_3_846_MERIT_Hydro_v07_Basins_v01_bugfix1.shp,cat_pfaf_3_846_MERIT_Hydro_v07_Basins_v01_bugfix1.shp
MERIT_847,/work/comphyd_lab/users/arman.haddadchi/MERIT_Basins_Pfaf3/outputs/pfaf_84,control_pfaf_847.txt,cat_pfaf_3_847_MERIT_Hydro_v07_Basins_v01_bugfix1.shp,riv_pfaf_3_847_MERIT_Hydro_v07_Basins_v01_bugfix1.shp,cat_pfaf_3_847_MERIT_Hydro_v07_Basins_v01_bugfix1.shp
MERIT_848,/work/comphyd_lab/users/arman.haddadchi/MERIT_Basins_Pfaf3/outputs/pfaf_84,control_pfaf_848.txt,cat_pfaf_3_848_MERIT_Hydro_v07_Basins_v01_bugfix1.shp,riv_pfaf_3_848_MERIT_Hydro_v07_Basins_v01_bugfix1.shp,cat_pfaf_3_848_MERIT_Hydro_v07_Basins_v01_bugfix1.shp
MERIT_849,/work/comphyd_lab/users/arman.haddadchi/MERIT_Basins_Pfaf3/outputs/pfaf_84,control_pfaf_849.txt,cat_pfaf_3_849_MERIT_Hydro_v07_Basins_v01_bugfix1.shp,riv_pfaf_3_849_MERIT_Hydro_v07_Basins_v01_bugfix1.shp,cat_pfaf_3_849_MERIT_Hydro_v07_Basins_v01_bugfix1.shp
MERIT_851,/work/comphyd_lab/users/arman.haddadchi/MERIT_Basins_Pfaf3/outputs/pfaf_85,control_pfaf_851.txt,cat_pfaf_3_851_MERIT_Hydro_v07_Basins_v01_bugfix1.shp,riv_pfaf_3_851_MERIT_Hydro_v07_Basins_v01_bugfix1.shp,cat_pfaf_3_851_MERIT_Hydro_v07_Basins_v01_bugfix1.shp
MERIT_852,/work/comphyd_lab/users/arman.haddadchi/MERIT_Basins_Pfaf3/outputs/pfaf_85,control_pfaf_852.txt,cat_pfaf_3_852_MERIT_Hydro_v07_Basins_v01_bugfix1.shp,riv_pfaf_3_852_MERIT_Hydro_v07_Basins_v01_bugfix1.shp,cat_pfaf_3_852_MERIT_Hydro_v07_Basins_v01_bugfix1.shp
MERIT_853,/work/comphyd_lab/users/arman.haddadchi/MERIT_Basins_Pfaf3/outputs/pfaf_85,control_pfaf_853.txt,cat_pfaf_3_853_MERIT_Hydro_v07_Basins_v01_bugfix1.shp,riv_pfaf_3_853_MERIT_Hydro_v07_Basins_v01_bugfix1.shp,cat_pfaf_3_853_MERIT_Hydro_v07_Basins_v01_bugfix1.shp
MERIT_854,/work/comphyd_lab/users/arman.haddadchi/MERIT_Basins_Pfaf3/outputs/pfaf_85,control_pfaf_854.txt,cat_pfaf_3_854_MERIT_Hydro_v07_Basins_v01_bugfix1.shp,riv_pfaf_3_854_MERIT_Hydro_v07_Basins_v01_bugfix1.shp,cat_pfaf_3_854_MERIT_Hydro_v07_Basins_v01_bugfix1.shp
MERIT_855,/work/comphyd_lab/users/arman.haddadchi/MERIT_Basins_Pfaf3/outputs/pfaf_85,control_pfaf_855.txt,cat_pfaf_3_855_MERIT_Hydro_v07_Basins_v01_bugfix1.shp,riv_pfaf_3_855_MERIT_Hydro_v07_Basins_v01_bugfix1.shp,cat_pfaf_3_855_MERIT_Hydro_v07_Basins_v01_bugfix1.shp
MERIT_856,/work/comphyd_lab/users/arman.haddadchi/MERIT_Basins_Pfaf3/outputs/pfaf_85,control_pfaf_856.txt,cat_pfaf_3_856_MERIT_Hydro_v07_Basins_v01_bugfix1.shp,riv_pfaf_3_856_MERIT_Hydro_v07_Basins_v01_bugfix1.shp,cat_pfaf_3_856_MERIT_Hydro_v07_Basins_v01_bugfix1.shp
MERIT_857,/work/comphyd_lab/users/arman.haddadchi/MERIT_Basins_Pfaf3/outputs/pfaf_85,control_pfaf_857.txt,cat_pfaf_3_857_MERIT_Hydro_v07_Basins_v01_bugfix1.shp,riv_pfaf_3_857_MERIT_Hydro_v07_Basins_v01_bugfix1.shp,cat_pfaf_3_857_MERIT_Hydro_v07_Basins_v01_bugfix1.shp
MERIT_858,/work/comphyd_lab/users/arman.haddadchi/MERIT_Basins_Pfaf3/outputs/pfaf_85,control_pfaf_858.txt,cat_pfaf_3_858_MERIT_Hydro_v07_Basins_v01_bugfix1.shp,riv_pfaf_3_858_MERIT_Hydro_v07_Basins_v01_bugfix1.shp,cat_pfaf_3_858_MERIT_Hydro_v07_Basins_v01_bugfix1.shp
MERIT_859,/work/comphyd_lab/users/arman.haddadchi/MERIT_Basins_Pfaf3/outputs/pfaf_85,control_pfaf_859.txt,cat_pfaf_3_859_MERIT_Hydro_v07_Basins_v01_bugfix1.shp,riv_pfaf_3_859_MERIT_Hydro_v07_Basins_v01_bugfix1.shp,cat_pfaf_3_859_MERIT_Hydro_v07_Basins_v01_bugfix1.shp
MERIT_861,/work/comphyd_lab/users/arman.haddadchi/MERIT_Basins_Pfaf3/outputs/pfaf_86,control_pfaf_861.txt,cat_pfaf_3_861_MERIT_Hydro_v07_Basins_v01_bugfix1.shp,riv_pfaf_3_861_MERIT_Hydro_v07_Basins_v01_bugfix1.shp,cat_pfaf_3_861_MERIT_Hydro_v07_Basins_v01_bugfix1.shp
MERIT_862,/work/comphyd_lab/users/arman.haddadchi/MERIT_Basins_Pfaf3/outputs/pfaf_86,control_pfaf_862.txt,cat_pfaf_3_862_MERIT_Hydro_v07_Basins_v01_bugfix1.shp,riv_pfaf_3_862_MERIT_Hydro_v07_Basins_v01_bugfix1.shp,cat_pfaf_3_862_MERIT_Hydro_v07_Basins_v01_bugfix1.shp
MERIT_863,/work/comphyd_lab/users/arman.haddadchi/MERIT_Basins_Pfaf3/outputs/pfaf_86,control_pfaf_863.txt,cat_pfaf_3_863_MERIT_Hydro_v07_Basins_v01_bugfix1.shp,riv_pfaf_3_863_MERIT_Hydro_v07_Basins_v01_bugfix1.shp,cat_pfaf_3_863_MERIT_Hydro_v07_Basins_v01_bugfix1.shp
MERIT_864,/work/comphyd_lab/users/arman.haddadchi/MERIT_Basins_Pfaf3/outputs/pfaf_86,control_pfaf_864.txt,cat_pfaf_3_864_MERIT_Hydro_v07_Basins_v01_bugfix1.shp,riv_pfaf_3_864_MERIT_Hydro_v07_Basins_v01_bugfix1.shp,cat_pfaf_3_864_MERIT_Hydro_v07_Basins_v01_bugfix1.shp
MERIT_865,/work/comphyd_lab/users/arman.haddadchi/MERIT_Basins_Pfaf3/outputs/pfaf_86,control_pfaf_865.txt,cat_pfaf_3_865_MERIT_Hydro_v07_Basins_v01_bugfix1.shp,riv_pfaf_3_865_MERIT_Hydro_v07_Basins_v01_bugfix1.shp,cat_pfaf_3_865_MERIT_Hydro_v07_Basins_v01_bugfix1.shp
MERIT_866,/work/comphyd_lab/users/arman.haddadchi/MERIT_Basins_Pfaf3/outputs/pfaf_86,control_pfaf_866.txt,cat_pfaf_3_866_MERIT_Hydro_v07_Basins_v01_bugfix1.shp,riv_pfaf_3_866_MERIT_Hydro_v07_Basins_v01_bugfix1.shp,cat_pfaf_3_866_MERIT_Hydro_v07_Basins_v01_bugfix1.shp
MERIT_867,/work/comphyd_lab/users/arman.haddadchi/MERIT_Basins_Pfaf3/outputs/pfaf_86,control_pfaf_867.txt,cat_pfaf_3_867_MERIT_Hydro_v07_Basins_v01_bugfix1.shp,riv_pfaf_3_867_MERIT_Hydro_v07_Basins_v01_bugfix1.shp,cat_pfaf_3_867_MERIT_Hydro_v07_Basins_v01_bugfix1.shp
MERIT_868,/work/comphyd_lab/users/arman.haddadchi/MERIT_Basins_Pfaf3/outputs/pfaf_86,control_pfaf_868.txt,cat_pfaf_3_868_MERIT_Hydro_v07_Basins_v01_bugfix1.shp,riv_pfaf_3_868_MERIT_Hydro_v07_Basins_v01_bugfix1.shp,cat_pfaf_3_868_MERIT_Hydro_v07_Basins_v01_bugfix1.shp
MERIT_869,/work/comphyd_lab/users/arman.haddadchi/MERIT_Basins_Pfaf3/outputs/pfaf_86,control_pfaf_869.txt,cat_pfaf_3_869_MERIT_Hydro_v07_Basins_v01_bugfix1.shp,riv_pfaf_3_869_MERIT_Hydro_v07_Basins_v01_bugfix1.shp,cat_pfaf_3_869_MERIT_Hydro_v07_Basins_v01_bugfix1.shp
